<?xml version="1.0" encoding="UTF-8"?>
<record_update>
    <sys_documentation element="u_must_have_by" label="Must have by" language="en" table="x_58872_needit_historic_">
        <sys_documentation action="INSERT_OR_UPDATE">
            <element>u_must_have_by</element>
            <help/>
            <hint/>
            <label>Must have by</label>
            <language>en</language>
            <name>x_58872_needit_historic_</name>
            <plural>Must have by</plural>
            <sys_class_name>sys_documentation</sys_class_name>
            <sys_created_by>admin</sys_created_by>
            <sys_created_on>2017-03-29 19:59:32</sys_created_on>
            <sys_customer_update>false</sys_customer_update>
            <sys_id>9fc1b0314fb13200cb281b818110c7b1</sys_id>
            <sys_mod_count>0</sys_mod_count>
            <sys_name>Must have by</sys_name>
            <sys_package display_value="NeedIt" source="x_58872_needit">6ead8e780f603200cd674f8ce1050ed1</sys_package>
            <sys_policy/>
            <sys_replace_on_upgrade>false</sys_replace_on_upgrade>
            <sys_scope display_value="NeedIt">6ead8e780f603200cd674f8ce1050ed1</sys_scope>
            <sys_update_name>sys_documentation_x_58872_needit_historic__u_must_have_by_en</sys_update_name>
            <sys_updated_by>admin</sys_updated_by>
            <sys_updated_on>2017-03-29 19:59:32</sys_updated_on>
            <url/>
            <url_target/>
        </sys_documentation>
    </sys_documentation>
</record_update>
