<?xml version="1.0" encoding="UTF-8"?>
<record_update table="sys_number">
    <sys_number action="INSERT_OR_UPDATE">
        <category display_value="" name="x_58872_needit_needit_task">x_58872_needit_needit_task</category>
        <maximum_digits>6</maximum_digits>
        <number>3000</number>
        <prefix>NITASK</prefix>
        <sys_class_name>sys_number</sys_class_name>
        <sys_created_by>admin</sys_created_by>
        <sys_created_on>2017-04-05 19:43:13</sys_created_on>
        <sys_customer_update>false</sys_customer_update>
        <sys_id>7031f84c0f0232000d030dbce1050ec2</sys_id>
        <sys_mod_count>0</sys_mod_count>
        <sys_name>NITASK</sys_name>
        <sys_package display_value="NeedIt" source="x_58872_needit">6ead8e780f603200cd674f8ce1050ed1</sys_package>
        <sys_policy/>
        <sys_replace_on_upgrade>false</sys_replace_on_upgrade>
        <sys_scope display_value="NeedIt">6ead8e780f603200cd674f8ce1050ed1</sys_scope>
        <sys_update_name>sys_number_7031f84c0f0232000d030dbce1050ec2</sys_update_name>
        <sys_updated_by>admin</sys_updated_by>
        <sys_updated_on>2017-04-05 19:43:13</sys_updated_on>
    </sys_number>
</record_update>
