<?xml version="1.0" encoding="UTF-8"?>
<record_update>
    <sys_ui_section caption="" section_id="4602744c0f0232000d030dbce1050e45" sys_domain="global" table="x_58872_needit_needit_task" version="3" view="">
        <sys_ui_element action="INSERT_OR_UPDATE">
            <element>number</element>
            <position>0</position>
            <sys_created_by>admin</sys_created_by>
            <sys_created_on>2017-04-18 00:59:54</sys_created_on>
            <sys_id>64cc27370f02f2000d030dbce1050e37</sys_id>
            <sys_mod_count>0</sys_mod_count>
            <sys_ui_formatter/>
            <sys_ui_section caption="NULL" display_value="" name="x_58872_needit_needit_task" sys_domain="global" view="Default view">4602744c0f0232000d030dbce1050e45</sys_ui_section>
            <sys_updated_by>admin</sys_updated_by>
            <sys_updated_on>2017-04-18 00:59:54</sys_updated_on>
            <sys_user/>
            <type/>
        </sys_ui_element>
        <sys_ui_element action="INSERT_OR_UPDATE">
            <element>assigned_to</element>
            <position>1</position>
            <sys_created_by>admin</sys_created_by>
            <sys_created_on>2017-04-18 00:59:54</sys_created_on>
            <sys_id>2ccc27370f02f2000d030dbce1050e37</sys_id>
            <sys_mod_count>0</sys_mod_count>
            <sys_ui_formatter/>
            <sys_ui_section caption="NULL" display_value="" name="x_58872_needit_needit_task" sys_domain="global" view="Default view">4602744c0f0232000d030dbce1050e45</sys_ui_section>
            <sys_updated_by>admin</sys_updated_by>
            <sys_updated_on>2017-04-18 00:59:54</sys_updated_on>
            <sys_user/>
            <type/>
        </sys_ui_element>
        <sys_ui_element action="INSERT_OR_UPDATE">
            <element>due_date</element>
            <position>2</position>
            <sys_created_by>admin</sys_created_by>
            <sys_created_on>2017-04-18 00:59:54</sys_created_on>
            <sys_id>accc27370f02f2000d030dbce1050e37</sys_id>
            <sys_mod_count>0</sys_mod_count>
            <sys_ui_formatter/>
            <sys_ui_section caption="NULL" display_value="" name="x_58872_needit_needit_task" sys_domain="global" view="Default view">4602744c0f0232000d030dbce1050e45</sys_ui_section>
            <sys_updated_by>admin</sys_updated_by>
            <sys_updated_on>2017-04-18 00:59:54</sys_updated_on>
            <sys_user/>
            <type/>
        </sys_ui_element>
        <sys_ui_element action="INSERT_OR_UPDATE">
            <element>.split</element>
            <position>3</position>
            <sys_created_by>admin</sys_created_by>
            <sys_created_on>2017-04-18 00:59:54</sys_created_on>
            <sys_id>20cc27370f02f2000d030dbce1050e38</sys_id>
            <sys_mod_count>0</sys_mod_count>
            <sys_ui_formatter/>
            <sys_ui_section caption="NULL" display_value="" name="x_58872_needit_needit_task" sys_domain="global" view="Default view">4602744c0f0232000d030dbce1050e45</sys_ui_section>
            <sys_updated_by>admin</sys_updated_by>
            <sys_updated_on>2017-04-18 00:59:54</sys_updated_on>
            <sys_user/>
            <type>.split</type>
        </sys_ui_element>
        <sys_ui_element action="INSERT_OR_UPDATE">
            <element>priority</element>
            <position>4</position>
            <sys_created_by>admin</sys_created_by>
            <sys_created_on>2017-04-18 00:59:54</sys_created_on>
            <sys_id>a0cc27370f02f2000d030dbce1050e38</sys_id>
            <sys_mod_count>0</sys_mod_count>
            <sys_ui_formatter/>
            <sys_ui_section caption="NULL" display_value="" name="x_58872_needit_needit_task" sys_domain="global" view="Default view">4602744c0f0232000d030dbce1050e45</sys_ui_section>
            <sys_updated_by>admin</sys_updated_by>
            <sys_updated_on>2017-04-18 00:59:54</sys_updated_on>
            <sys_user/>
            <type/>
        </sys_ui_element>
        <sys_ui_element action="INSERT_OR_UPDATE">
            <element>state</element>
            <position>5</position>
            <sys_created_by>admin</sys_created_by>
            <sys_created_on>2017-04-18 00:59:54</sys_created_on>
            <sys_id>24cc27370f02f2000d030dbce1050e38</sys_id>
            <sys_mod_count>0</sys_mod_count>
            <sys_ui_formatter/>
            <sys_ui_section caption="NULL" display_value="" name="x_58872_needit_needit_task" sys_domain="global" view="Default view">4602744c0f0232000d030dbce1050e45</sys_ui_section>
            <sys_updated_by>admin</sys_updated_by>
            <sys_updated_on>2017-04-18 00:59:54</sys_updated_on>
            <sys_user/>
            <type/>
        </sys_ui_element>
        <sys_ui_element action="INSERT_OR_UPDATE">
            <element>.end_split</element>
            <position>6</position>
            <sys_created_by>admin</sys_created_by>
            <sys_created_on>2017-04-18 00:59:54</sys_created_on>
            <sys_id>a4cc27370f02f2000d030dbce1050e38</sys_id>
            <sys_mod_count>0</sys_mod_count>
            <sys_ui_formatter/>
            <sys_ui_section caption="NULL" display_value="" name="x_58872_needit_needit_task" sys_domain="global" view="Default view">4602744c0f0232000d030dbce1050e45</sys_ui_section>
            <sys_updated_by>admin</sys_updated_by>
            <sys_updated_on>2017-04-18 00:59:54</sys_updated_on>
            <sys_user/>
            <type>.end_split</type>
        </sys_ui_element>
        <sys_ui_element action="INSERT_OR_UPDATE">
            <element>short_description</element>
            <position>7</position>
            <sys_created_by>admin</sys_created_by>
            <sys_created_on>2017-04-18 00:59:54</sys_created_on>
            <sys_id>28cc27370f02f2000d030dbce1050e38</sys_id>
            <sys_mod_count>0</sys_mod_count>
            <sys_ui_formatter/>
            <sys_ui_section caption="NULL" display_value="" name="x_58872_needit_needit_task" sys_domain="global" view="Default view">4602744c0f0232000d030dbce1050e45</sys_ui_section>
            <sys_updated_by>admin</sys_updated_by>
            <sys_updated_on>2017-04-18 00:59:54</sys_updated_on>
            <sys_user/>
            <type/>
        </sys_ui_element>
        <sys_ui_element action="INSERT_OR_UPDATE">
            <element>description</element>
            <position>8</position>
            <sys_created_by>admin</sys_created_by>
            <sys_created_on>2017-04-18 00:59:54</sys_created_on>
            <sys_id>a8cc27370f02f2000d030dbce1050e38</sys_id>
            <sys_mod_count>0</sys_mod_count>
            <sys_ui_formatter/>
            <sys_ui_section caption="NULL" display_value="" name="x_58872_needit_needit_task" sys_domain="global" view="Default view">4602744c0f0232000d030dbce1050e45</sys_ui_section>
            <sys_updated_by>admin</sys_updated_by>
            <sys_updated_on>2017-04-18 00:59:54</sys_updated_on>
            <sys_user/>
            <type/>
        </sys_ui_element>
        <sys_ui_element action="INSERT_OR_UPDATE">
            <element>work_notes</element>
            <position>9</position>
            <sys_created_by>admin</sys_created_by>
            <sys_created_on>2017-04-18 00:59:54</sys_created_on>
            <sys_id>2ccc27370f02f2000d030dbce1050e38</sys_id>
            <sys_mod_count>0</sys_mod_count>
            <sys_ui_formatter/>
            <sys_ui_section caption="NULL" display_value="" name="x_58872_needit_needit_task" sys_domain="global" view="Default view">4602744c0f0232000d030dbce1050e45</sys_ui_section>
            <sys_updated_by>admin</sys_updated_by>
            <sys_updated_on>2017-04-18 00:59:54</sys_updated_on>
            <sys_user/>
            <type/>
        </sys_ui_element>
        <sys_ui_element action="INSERT_OR_UPDATE">
            <element>activity.xml</element>
            <position>10</position>
            <sys_created_by>admin</sys_created_by>
            <sys_created_on>2017-04-18 00:59:54</sys_created_on>
            <sys_id>accc27370f02f2000d030dbce1050e38</sys_id>
            <sys_mod_count>0</sys_mod_count>
            <sys_ui_formatter display_value="Activities (filtered)">444ea5c6bf310100e628555b3f0739d6</sys_ui_formatter>
            <sys_ui_section caption="NULL" display_value="" name="x_58872_needit_needit_task" sys_domain="global" view="Default view">4602744c0f0232000d030dbce1050e45</sys_ui_section>
            <sys_updated_by>admin</sys_updated_by>
            <sys_updated_on>2017-04-18 00:59:54</sys_updated_on>
            <sys_user/>
            <type>formatter</type>
        </sys_ui_element>
        <sys_ui_section action="INSERT_OR_UPDATE">
            <caption/>
            <header>false</header>
            <name>x_58872_needit_needit_task</name>
            <roles/>
            <sys_class_name>sys_ui_section</sys_class_name>
            <sys_created_by>admin</sys_created_by>
            <sys_created_on>2017-04-05 19:46:51</sys_created_on>
            <sys_customer_update>false</sys_customer_update>
            <sys_domain>global</sys_domain>
            <sys_domain_path>/</sys_domain_path>
            <sys_id>4602744c0f0232000d030dbce1050e45</sys_id>
            <sys_mod_count>1</sys_mod_count>
            <sys_name>x_58872_needit_needit_task</sys_name>
            <sys_overrides/>
            <sys_package display_value="NeedIt" source="x_58872_needit">6ead8e780f603200cd674f8ce1050ed1</sys_package>
            <sys_policy/>
            <sys_replace_on_upgrade>false</sys_replace_on_upgrade>
            <sys_scope display_value="NeedIt">6ead8e780f603200cd674f8ce1050ed1</sys_scope>
            <sys_update_name>sys_ui_section_4602744c0f0232000d030dbce1050e45</sys_update_name>
            <sys_updated_by>admin</sys_updated_by>
            <sys_updated_on>2017-04-18 00:59:54</sys_updated_on>
            <sys_user/>
            <title>true</title>
            <view display_value="Default view" name="NULL">Default view</view>
            <view_name/>
        </sys_ui_section>
    </sys_ui_section>
</record_update>
