<?xml version="1.0" encoding="UTF-8"?>
<record_update table="sys_script_email">
    <sys_script_email action="INSERT_OR_UPDATE">
        <name>CountOverdueNeedItTasksAssignedto</name>
        <new_lines_to_html>false</new_lines_to_html>
        <script><![CDATA[(function runMailScript(/* GlideRecord */ current, /* TemplatePrinter */ template,
/* Optional EmailOutbound */ email, /* Optional GlideRecord */ email_action,
/* Optional GlideRecord */ event) {
	
	// Add your code here
	// Construct a GlideRecord query to find all NeedIt Task records with Due date
	// field values in the past for the same Assigned to.  The records cannot be in the
	// Closed state.
	var rightNow = new GlideDateTime();
	
	var overdueNITasks = new GlideRecord('x_58872_needit_needit_task');
	overdueNITasks.addQuery('due_date','<=',rightNow);
	overdueNITasks.addQuery('state','!=',3);
	overdueNITasks.addQuery('assigned_to',current.assigned_to);
	
	overdueNITasks.query();
	
	// Print to the Message field on a notification
	var count = overdueNITasks.getRowCount();
	if(count > 1){
		template.print("In addition to this overdue NeedIt Task, you have " + (count - 1) + " more overdue NeedIt Tasks.");
	}
	
})(current, template, email, email_action, event);]]></script>
        <sys_class_name>sys_script_email</sys_class_name>
        <sys_created_by>admin</sys_created_by>
        <sys_created_on>2017-04-15 02:59:05</sys_created_on>
        <sys_customer_update>false</sys_customer_update>
        <sys_id>081b640b0f8672000d030dbce1050e04</sys_id>
        <sys_mod_count>0</sys_mod_count>
        <sys_name>CountOverdueNeedItTasksAssignedto</sys_name>
        <sys_package display_value="NeedIt" source="x_58872_needit">6ead8e780f603200cd674f8ce1050ed1</sys_package>
        <sys_policy/>
        <sys_replace_on_upgrade>false</sys_replace_on_upgrade>
        <sys_scope display_value="NeedIt">6ead8e780f603200cd674f8ce1050ed1</sys_scope>
        <sys_update_name>sys_script_email_081b640b0f8672000d030dbce1050e04</sys_update_name>
        <sys_updated_by>admin</sys_updated_by>
        <sys_updated_on>2017-04-15 02:59:05</sys_updated_on>
    </sys_script_email>
</record_update>
