<?xml version="1.0" encoding="UTF-8"?>
<record_update sys_domain="global" table="sys_filter">
    <sys_filter action="INSERT_OR_UPDATE">
        <filter table="sys_user">nameSTARTSWITHbe^nameISNOTEMPTY^EQ<item endquery="false" field="name" goto="false" newquery="false" operator="STARTSWITH" or="false" value="be"/>
            <item endquery="false" field="name" goto="false" newquery="false" operator="ISNOTEMPTY" or="false" value=""/>
            <item endquery="true" field="" goto="false" newquery="false" operator="=" or="false" value=""/>
        </filter>
        <group/>
        <last_used>2017-04-05 19:30:01</last_used>
        <mobile>true</mobile>
        <roles/>
        <sys_class_name>sys_filter</sys_class_name>
        <sys_created_by>fred.luddy</sys_created_by>
        <sys_created_on>2017-04-05 19:30:01</sys_created_on>
        <sys_customer_update>false</sys_customer_update>
        <sys_domain>global</sys_domain>
        <sys_domain_path>/</sys_domain_path>
        <sys_id>972e200c0f0232000d030dbce1050ee0</sys_id>
        <sys_mod_count>0</sys_mod_count>
        <sys_name>mobile</sys_name>
        <sys_package display_value="NeedIt" source="x_58872_needit">6ead8e780f603200cd674f8ce1050ed1</sys_package>
        <sys_policy/>
        <sys_replace_on_upgrade>false</sys_replace_on_upgrade>
        <sys_scope display_value="NeedIt">6ead8e780f603200cd674f8ce1050ed1</sys_scope>
        <sys_update_name>sys_filter_972e200c0f0232000d030dbce1050ee0</sys_update_name>
        <sys_updated_by>fred.luddy</sys_updated_by>
        <sys_updated_on>2017-04-05 19:30:01</sys_updated_on>
        <table>sys_user</table>
        <title>mobile</title>
        <user display_value="Fred Luddy">5137153cc611227c000bbd1bd8cd2005</user>
    </sys_filter>
</record_update>
