<?xml version="1.0" encoding="UTF-8"?>
<record_update>
    <sys_ui_section caption="" section_id="5941945d0fe83200cd674f8ce1050e95" sys_domain="global" table="x_58872_needit_needit" version="3" view="">
        <sys_ui_element action="INSERT_OR_UPDATE">
            <element>number</element>
            <position>0</position>
            <sys_created_by>admin</sys_created_by>
            <sys_created_on>2017-03-08 03:41:47</sys_created_on>
            <sys_id>80a805f69f513200bde5f79ff57fcfe1</sys_id>
            <sys_mod_count>0</sys_mod_count>
            <sys_ui_formatter/>
            <sys_ui_section caption="NULL" display_value="" name="x_58872_needit_needit" sys_domain="global" view="Default view">5941945d0fe83200cd674f8ce1050e95</sys_ui_section>
            <sys_updated_by>admin</sys_updated_by>
            <sys_updated_on>2017-03-08 03:41:47</sys_updated_on>
            <sys_user/>
            <type/>
        </sys_ui_element>
        <sys_ui_element action="INSERT_OR_UPDATE">
            <element>u_requested_for</element>
            <position>1</position>
            <sys_created_by>admin</sys_created_by>
            <sys_created_on>2017-03-08 03:41:47</sys_created_on>
            <sys_id>48a805f69f513200bde5f79ff57fcfe1</sys_id>
            <sys_mod_count>0</sys_mod_count>
            <sys_ui_formatter/>
            <sys_ui_section caption="NULL" display_value="" name="x_58872_needit_needit" sys_domain="global" view="Default view">5941945d0fe83200cd674f8ce1050e95</sys_ui_section>
            <sys_updated_by>admin</sys_updated_by>
            <sys_updated_on>2017-03-08 03:41:47</sys_updated_on>
            <sys_user/>
            <type/>
        </sys_ui_element>
        <sys_ui_element action="INSERT_OR_UPDATE">
            <element>u_requested_for_email</element>
            <position>2</position>
            <sys_created_by>admin</sys_created_by>
            <sys_created_on>2017-03-08 03:41:47</sys_created_on>
            <sys_id>c8a805f69f513200bde5f79ff57fcfe1</sys_id>
            <sys_mod_count>0</sys_mod_count>
            <sys_ui_formatter/>
            <sys_ui_section caption="NULL" display_value="" name="x_58872_needit_needit" sys_domain="global" view="Default view">5941945d0fe83200cd674f8ce1050e95</sys_ui_section>
            <sys_updated_by>admin</sys_updated_by>
            <sys_updated_on>2017-03-08 03:41:47</sys_updated_on>
            <sys_user/>
            <type/>
        </sys_ui_element>
        <sys_ui_element action="INSERT_OR_UPDATE">
            <element>u_request_type</element>
            <position>3</position>
            <sys_created_by>admin</sys_created_by>
            <sys_created_on>2017-03-08 03:41:47</sys_created_on>
            <sys_id>4ca805f69f513200bde5f79ff57fcfe1</sys_id>
            <sys_mod_count>0</sys_mod_count>
            <sys_ui_formatter/>
            <sys_ui_section caption="NULL" display_value="" name="x_58872_needit_needit" sys_domain="global" view="Default view">5941945d0fe83200cd674f8ce1050e95</sys_ui_section>
            <sys_updated_by>admin</sys_updated_by>
            <sys_updated_on>2017-03-08 03:41:47</sys_updated_on>
            <sys_user/>
            <type/>
        </sys_ui_element>
        <sys_ui_element action="INSERT_OR_UPDATE">
            <element>u_what_needed</element>
            <position>4</position>
            <sys_created_by>admin</sys_created_by>
            <sys_created_on>2017-03-08 03:41:47</sys_created_on>
            <sys_id>cca805f69f513200bde5f79ff57fcfe1</sys_id>
            <sys_mod_count>0</sys_mod_count>
            <sys_ui_formatter/>
            <sys_ui_section caption="NULL" display_value="" name="x_58872_needit_needit" sys_domain="global" view="Default view">5941945d0fe83200cd674f8ce1050e95</sys_ui_section>
            <sys_updated_by>admin</sys_updated_by>
            <sys_updated_on>2017-03-08 03:41:47</sys_updated_on>
            <sys_user/>
            <type/>
        </sys_ui_element>
        <sys_ui_element action="INSERT_OR_UPDATE">
            <element>u_other</element>
            <position>5</position>
            <sys_created_by>admin</sys_created_by>
            <sys_created_on>2017-03-08 03:41:47</sys_created_on>
            <sys_id>40a805f69f513200bde5f79ff57fcfe2</sys_id>
            <sys_mod_count>0</sys_mod_count>
            <sys_ui_formatter/>
            <sys_ui_section caption="NULL" display_value="" name="x_58872_needit_needit" sys_domain="global" view="Default view">5941945d0fe83200cd674f8ce1050e95</sys_ui_section>
            <sys_updated_by>admin</sys_updated_by>
            <sys_updated_on>2017-03-08 03:41:47</sys_updated_on>
            <sys_user/>
            <type/>
        </sys_ui_element>
        <sys_ui_element action="INSERT_OR_UPDATE">
            <element>u_when_needed</element>
            <position>6</position>
            <sys_created_by>admin</sys_created_by>
            <sys_created_on>2017-03-08 03:41:47</sys_created_on>
            <sys_id>c0a805f69f513200bde5f79ff57fcfe2</sys_id>
            <sys_mod_count>0</sys_mod_count>
            <sys_ui_formatter/>
            <sys_ui_section caption="NULL" display_value="" name="x_58872_needit_needit" sys_domain="global" view="Default view">5941945d0fe83200cd674f8ce1050e95</sys_ui_section>
            <sys_updated_by>admin</sys_updated_by>
            <sys_updated_on>2017-03-08 03:41:47</sys_updated_on>
            <sys_user/>
            <type/>
        </sys_ui_element>
        <sys_ui_element action="INSERT_OR_UPDATE">
            <element>.split</element>
            <position>7</position>
            <sys_created_by>admin</sys_created_by>
            <sys_created_on>2017-03-08 03:41:47</sys_created_on>
            <sys_id>44a805f69f513200bde5f79ff57fcfe2</sys_id>
            <sys_mod_count>0</sys_mod_count>
            <sys_ui_formatter/>
            <sys_ui_section caption="NULL" display_value="" name="x_58872_needit_needit" sys_domain="global" view="Default view">5941945d0fe83200cd674f8ce1050e95</sys_ui_section>
            <sys_updated_by>admin</sys_updated_by>
            <sys_updated_on>2017-03-08 03:41:47</sys_updated_on>
            <sys_user/>
            <type>.split</type>
        </sys_ui_element>
        <sys_ui_element action="INSERT_OR_UPDATE">
            <element>priority</element>
            <position>8</position>
            <sys_created_by>admin</sys_created_by>
            <sys_created_on>2017-03-08 03:41:47</sys_created_on>
            <sys_id>c4a805f69f513200bde5f79ff57fcfe2</sys_id>
            <sys_mod_count>0</sys_mod_count>
            <sys_ui_formatter/>
            <sys_ui_section caption="NULL" display_value="" name="x_58872_needit_needit" sys_domain="global" view="Default view">5941945d0fe83200cd674f8ce1050e95</sys_ui_section>
            <sys_updated_by>admin</sys_updated_by>
            <sys_updated_on>2017-03-08 03:41:47</sys_updated_on>
            <sys_user/>
            <type/>
        </sys_ui_element>
        <sys_ui_element action="INSERT_OR_UPDATE">
            <element>state</element>
            <position>9</position>
            <sys_created_by>admin</sys_created_by>
            <sys_created_on>2017-03-08 03:41:47</sys_created_on>
            <sys_id>48a805f69f513200bde5f79ff57fcfe2</sys_id>
            <sys_mod_count>0</sys_mod_count>
            <sys_ui_formatter/>
            <sys_ui_section caption="NULL" display_value="" name="x_58872_needit_needit" sys_domain="global" view="Default view">5941945d0fe83200cd674f8ce1050e95</sys_ui_section>
            <sys_updated_by>admin</sys_updated_by>
            <sys_updated_on>2017-03-08 03:41:47</sys_updated_on>
            <sys_user/>
            <type/>
        </sys_ui_element>
        <sys_ui_element action="INSERT_OR_UPDATE">
            <element>.end_split</element>
            <position>10</position>
            <sys_created_by>admin</sys_created_by>
            <sys_created_on>2017-03-08 03:41:47</sys_created_on>
            <sys_id>c8a805f69f513200bde5f79ff57fcfe2</sys_id>
            <sys_mod_count>0</sys_mod_count>
            <sys_ui_formatter/>
            <sys_ui_section caption="NULL" display_value="" name="x_58872_needit_needit" sys_domain="global" view="Default view">5941945d0fe83200cd674f8ce1050e95</sys_ui_section>
            <sys_updated_by>admin</sys_updated_by>
            <sys_updated_on>2017-03-08 03:41:47</sys_updated_on>
            <sys_user/>
            <type>.end_split</type>
        </sys_ui_element>
        <sys_ui_element action="INSERT_OR_UPDATE">
            <element>short_description</element>
            <position>11</position>
            <sys_created_by>admin</sys_created_by>
            <sys_created_on>2017-03-08 03:41:47</sys_created_on>
            <sys_id>4ca805f69f513200bde5f79ff57fcfe2</sys_id>
            <sys_mod_count>0</sys_mod_count>
            <sys_ui_formatter/>
            <sys_ui_section caption="NULL" display_value="" name="x_58872_needit_needit" sys_domain="global" view="Default view">5941945d0fe83200cd674f8ce1050e95</sys_ui_section>
            <sys_updated_by>admin</sys_updated_by>
            <sys_updated_on>2017-03-08 03:41:47</sys_updated_on>
            <sys_user/>
            <type/>
        </sys_ui_element>
        <sys_ui_element action="INSERT_OR_UPDATE">
            <element>description</element>
            <position>12</position>
            <sys_created_by>admin</sys_created_by>
            <sys_created_on>2017-03-08 03:41:47</sys_created_on>
            <sys_id>cca805f69f513200bde5f79ff57fcfe2</sys_id>
            <sys_mod_count>0</sys_mod_count>
            <sys_ui_formatter/>
            <sys_ui_section caption="NULL" display_value="" name="x_58872_needit_needit" sys_domain="global" view="Default view">5941945d0fe83200cd674f8ce1050e95</sys_ui_section>
            <sys_updated_by>admin</sys_updated_by>
            <sys_updated_on>2017-03-08 03:41:47</sys_updated_on>
            <sys_user/>
            <type/>
        </sys_ui_element>
        <sys_ui_section action="INSERT_OR_UPDATE">
            <caption/>
            <header>false</header>
            <name>x_58872_needit_needit</name>
            <roles/>
            <sys_class_name>sys_ui_section</sys_class_name>
            <sys_created_by>admin</sys_created_by>
            <sys_created_on>2017-01-25 01:01:57</sys_created_on>
            <sys_customer_update>false</sys_customer_update>
            <sys_domain>global</sys_domain>
            <sys_domain_path>/</sys_domain_path>
            <sys_id>5941945d0fe83200cd674f8ce1050e95</sys_id>
            <sys_mod_count>2</sys_mod_count>
            <sys_name>x_58872_needit_needit</sys_name>
            <sys_overrides/>
            <sys_package display_value="NeedIt" source="x_58872_needit">6ead8e780f603200cd674f8ce1050ed1</sys_package>
            <sys_policy/>
            <sys_replace_on_upgrade>false</sys_replace_on_upgrade>
            <sys_scope display_value="NeedIt">6ead8e780f603200cd674f8ce1050ed1</sys_scope>
            <sys_update_name>sys_ui_section_5941945d0fe83200cd674f8ce1050e95</sys_update_name>
            <sys_updated_by>admin</sys_updated_by>
            <sys_updated_on>2017-02-16 19:40:26</sys_updated_on>
            <sys_user/>
            <title>true</title>
            <view display_value="Default view" name="NULL">Default view</view>
            <view_name/>
        </sys_ui_section>
    </sys_ui_section>
</record_update>
