<?xml version="1.0" encoding="UTF-8"?>
<record_update sys_domain="global" table="sys_script_client">
    <sys_script_client action="INSERT_OR_UPDATE">
        <active>false</active>
        <applies_extended>false</applies_extended>
        <condition/>
        <description/>
        <field>active</field>
        <global>true</global>
        <messages/>
        <name>NeedIt onLoad Example</name>
        <order/>
        <script><![CDATA[function onLoad() {
   //Type appropriate comment here, and begin script below
   alert("Thank you for loading the NeedIt form.   When you close this alert you will be able to interact with the form.");
}]]></script>
        <sys_class_name>sys_script_client</sys_class_name>
        <sys_created_by>admin</sys_created_by>
        <sys_created_on>2017-02-08 17:07:03</sys_created_on>
        <sys_customer_update>false</sys_customer_update>
        <sys_domain>global</sys_domain>
        <sys_domain_path>/</sys_domain_path>
        <sys_id>139133b10fb43200cd674f8ce1050efb</sys_id>
        <sys_mod_count>1</sys_mod_count>
        <sys_name>NeedIt onLoad Example</sys_name>
        <sys_overrides/>
        <sys_package display_value="NeedIt" source="x_58872_needit">6ead8e780f603200cd674f8ce1050ed1</sys_package>
        <sys_policy/>
        <sys_replace_on_upgrade>false</sys_replace_on_upgrade>
        <sys_scope display_value="NeedIt">6ead8e780f603200cd674f8ce1050ed1</sys_scope>
        <sys_update_name>sys_script_client_139133b10fb43200cd674f8ce1050efb</sys_update_name>
        <sys_updated_by>admin</sys_updated_by>
        <sys_updated_on>2017-02-08 21:12:51</sys_updated_on>
        <table>x_58872_needit_needit</table>
        <type>onLoad</type>
        <ui_type>10</ui_type>
        <view/>
    </sys_script_client>
</record_update>
