<?xml version="1.0" encoding="UTF-8"?>
<record_update table="sys_dictionary_override">
    <sys_dictionary_override action="INSERT_OR_UPDATE">
        <attributes/>
        <attributes_override>false</attributes_override>
        <base_table>task</base_table>
        <calculation/>
        <calculation_override>false</calculation_override>
        <default_value>13</default_value>
        <default_value_override>true</default_value_override>
        <dependent/>
        <dependent_override>false</dependent_override>
        <display_override>false</display_override>
        <element>state</element>
        <mandatory>false</mandatory>
        <mandatory_override>false</mandatory_override>
        <name>x_58872_needit_needit</name>
        <read_only>false</read_only>
        <read_only_override>false</read_only_override>
        <reference_qual/>
        <reference_qual_override>false</reference_qual_override>
        <sys_class_name>sys_dictionary_override</sys_class_name>
        <sys_created_by>admin</sys_created_by>
        <sys_created_on>2017-02-09 21:59:21</sys_created_on>
        <sys_customer_update>false</sys_customer_update>
        <sys_id>5bd046529f703200bde5f79ff57fcfe2</sys_id>
        <sys_mod_count>0</sys_mod_count>
        <sys_name>state</sys_name>
        <sys_package display_value="NeedIt" source="x_58872_needit">6ead8e780f603200cd674f8ce1050ed1</sys_package>
        <sys_policy/>
        <sys_replace_on_upgrade>false</sys_replace_on_upgrade>
        <sys_scope display_value="NeedIt">6ead8e780f603200cd674f8ce1050ed1</sys_scope>
        <sys_update_name>sys_dictionary_override_5bd046529f703200bde5f79ff57fcfe2</sys_update_name>
        <sys_updated_by>admin</sys_updated_by>
        <sys_updated_on>2017-02-09 21:59:21</sys_updated_on>
    </sys_dictionary_override>
</record_update>
