<?xml version="1.0" encoding="UTF-8"?>
<record_update table="sys_properties_category_m2m">
    <sys_properties_category_m2m action="INSERT_OR_UPDATE">
        <category display_value="NeedIt Properties">2c6559100f9af2000d030dbce1050e3c</category>
        <order>100</order>
        <property display_value="x_58872_needit.autoCloseOverdue" name="x_58872_needit.autoCloseOverdue">7f96d9500f9af2000d030dbce1050ed2</property>
        <sys_class_name>sys_properties_category_m2m</sys_class_name>
        <sys_created_by>admin</sys_created_by>
        <sys_created_on>2017-04-19 03:27:16</sys_created_on>
        <sys_customer_update>false</sys_customer_update>
        <sys_id>451819900f9af2000d030dbce1050e81</sys_id>
        <sys_mod_count>0</sys_mod_count>
        <sys_name>x_58872_needit.autoCloseOverdue.NeedIt Properties</sys_name>
        <sys_package display_value="NeedIt" source="x_58872_needit">6ead8e780f603200cd674f8ce1050ed1</sys_package>
        <sys_policy/>
        <sys_replace_on_upgrade>false</sys_replace_on_upgrade>
        <sys_scope display_value="NeedIt">6ead8e780f603200cd674f8ce1050ed1</sys_scope>
        <sys_update_name>sys_properties_category_m2m_451819900f9af2000d030dbce1050e81</sys_update_name>
        <sys_updated_by>admin</sys_updated_by>
        <sys_updated_on>2017-04-19 03:27:16</sys_updated_on>
    </sys_properties_category_m2m>
</record_update>
