<?xml version="1.0" encoding="UTF-8"?>
<record_update table="sys_script_include">
    <sys_script_include action="INSERT_OR_UPDATE">
        <access>package_private</access>
        <active>true</active>
        <api_name>x_58872_needit.GetEmailAddress</api_name>
        <client_callable>true</client_callable>
        <description>Script Include to return an email address.  The calling client-side script passes a sys_id for a User table record.</description>
        <name>GetEmailAddress</name>
        <script><![CDATA[var GetEmailAddress = Class.create();
// Extend the global.AbstractAjaxProcessor class
GetEmailAddress.prototype = Object.extendsObject(global.AbstractAjaxProcessor,{
    // Define the getEmail function.  
    // Create a GlideRecord for the User table.
    // Use the sysparm_userID passed from the client side to retrieve a record from the User table.
    // Return the email address for the requested record
    getEmail: function() {
        var userRecord = new GlideRecord("sys_user");
        userRecord.get(this.getParameter('sysparm_userID'));
        return userRecord.email + '';
    },
    type: 'GetEmailAddress'
});]]></script>
        <sys_class_name>sys_script_include</sys_class_name>
        <sys_created_by>admin</sys_created_by>
        <sys_created_on>2017-03-09 00:58:22</sys_created_on>
        <sys_customer_update>false</sys_customer_update>
        <sys_id>6e9c2dcf9f113200bde5f79ff57fcfd2</sys_id>
        <sys_mod_count>0</sys_mod_count>
        <sys_name>GetEmailAddress</sys_name>
        <sys_package display_value="NeedIt" source="x_58872_needit">6ead8e780f603200cd674f8ce1050ed1</sys_package>
        <sys_policy>read</sys_policy>
        <sys_replace_on_upgrade>false</sys_replace_on_upgrade>
        <sys_scope display_value="NeedIt">6ead8e780f603200cd674f8ce1050ed1</sys_scope>
        <sys_update_name>sys_script_include_6e9c2dcf9f113200bde5f79ff57fcfd2</sys_update_name>
        <sys_updated_by>admin</sys_updated_by>
        <sys_updated_on>2017-03-09 00:58:22</sys_updated_on>
    </sys_script_include>
</record_update>
