<?xml version="1.0" encoding="UTF-8"?>
<record_update table="sys_db_object">
    <sys_db_object action="INSERT_OR_UPDATE">
        <access>public</access>
        <actions_access>false</actions_access>
        <alter_access>false</alter_access>
        <client_scripts_access>false</client_scripts_access>
        <configuration_access>false</configuration_access>
        <create_access>true</create_access>
        <create_access_controls>true</create_access_controls>
        <delete_access>false</delete_access>
        <extension_model/>
        <is_extendable>false</is_extendable>
        <label>NeedIt Task</label>
        <live_feed_enabled>false</live_feed_enabled>
        <name>x_58872_needit_needit_task</name>
        <number_ref display_value="NITASK">7031f84c0f0232000d030dbce1050ec2</number_ref>
        <provider_class/>
        <read_access>true</read_access>
        <super_class display_value="Task" name="task">782649434f122200a9e6f4934210c781</super_class>
        <sys_class_code/>
        <sys_class_name>sys_db_object</sys_class_name>
        <sys_class_path/>
        <sys_created_by>admin</sys_created_by>
        <sys_created_on>2017-04-05 19:43:12</sys_created_on>
        <sys_customer_update>false</sys_customer_update>
        <sys_id>9eb0384c0f0232000d030dbce1050e53</sys_id>
        <sys_mod_count>1</sys_mod_count>
        <sys_name>NeedIt Task</sys_name>
        <sys_package display_value="NeedIt" source="x_58872_needit">6ead8e780f603200cd674f8ce1050ed1</sys_package>
        <sys_policy/>
        <sys_replace_on_upgrade>false</sys_replace_on_upgrade>
        <sys_scope display_value="NeedIt">6ead8e780f603200cd674f8ce1050ed1</sys_scope>
        <sys_update_name>sys_db_object_9eb0384c0f0232000d030dbce1050e53</sys_update_name>
        <sys_updated_by>admin</sys_updated_by>
        <sys_updated_on>2017-04-05 19:43:13</sys_updated_on>
        <update_access>true</update_access>
        <user_role display_value="x_58872_needit.needit_task_user" name="x_58872_needit.needit_task_user">d431740c0f0232000d030dbce1050e47</user_role>
        <ws_access>true</ws_access>
    </sys_db_object>
</record_update>
