<?xml version="1.0" encoding="UTF-8"?>
<record_update sys_domain="global" table="sys_app_module">
    <sys_app_module action="INSERT_OR_UPDATE">
        <active>true</active>
        <application display_value="NeedIt">0242fb8d0fa83200cd674f8ce1050e79</application>
        <assessment/>
        <content_page/>
        <device_type/>
        <filter/>
        <hint/>
        <homepage/>
        <image/>
        <link_type>SEPARATOR</link_type>
        <map_page/>
        <mobile_title>Administration</mobile_title>
        <mobile_view_name>Mobile</mobile_view_name>
        <name/>
        <order>850</order>
        <override_menu_roles>false</override_menu_roles>
        <query/>
        <report/>
        <roles>x_58872_needit.admin</roles>
        <survey/>
        <survey_overwrite>true</survey_overwrite>
        <sys_class_name>sys_app_module</sys_class_name>
        <sys_created_by>admin</sys_created_by>
        <sys_created_on>2017-04-19 03:34:27</sys_created_on>
        <sys_customer_update>false</sys_customer_update>
        <sys_domain>global</sys_domain>
        <sys_domain_path>/</sys_domain_path>
        <sys_id>a15919900f9af2000d030dbce1050e95</sys_id>
        <sys_mod_count>0</sys_mod_count>
        <sys_name>Administration</sys_name>
        <sys_overrides/>
        <sys_package display_value="NeedIt" source="x_58872_needit">6ead8e780f603200cd674f8ce1050ed1</sys_package>
        <sys_policy/>
        <sys_replace_on_upgrade>false</sys_replace_on_upgrade>
        <sys_scope display_value="NeedIt">6ead8e780f603200cd674f8ce1050ed1</sys_scope>
        <sys_update_name>sys_app_module_a15919900f9af2000d030dbce1050e95</sys_update_name>
        <sys_updated_by>admin</sys_updated_by>
        <sys_updated_on>2017-04-19 03:34:27</sys_updated_on>
        <timeline_page/>
        <title>Administration</title>
        <uncancelable>false</uncancelable>
        <view_name/>
        <window_name/>
    </sys_app_module>
</record_update>
