<?xml version="1.0" encoding="UTF-8"?>
<record_update>
    <sys_documentation element="u_what_needed" label="What needed" language="en" table="x_58872_needit_historic_">
        <sys_documentation action="INSERT_OR_UPDATE">
            <element>u_what_needed</element>
            <help/>
            <hint/>
            <label>What needed</label>
            <language>en</language>
            <name>x_58872_needit_historic_</name>
            <plural>What needed</plural>
            <sys_class_name>sys_documentation</sys_class_name>
            <sys_created_by>admin</sys_created_by>
            <sys_created_on>2017-03-29 19:59:32</sys_created_on>
            <sys_customer_update>false</sys_customer_update>
            <sys_id>d3c1b0314fb13200cb281b818110c7aa</sys_id>
            <sys_mod_count>0</sys_mod_count>
            <sys_name>What needed</sys_name>
            <sys_package display_value="NeedIt" source="x_58872_needit">6ead8e780f603200cd674f8ce1050ed1</sys_package>
            <sys_policy/>
            <sys_replace_on_upgrade>false</sys_replace_on_upgrade>
            <sys_scope display_value="NeedIt">6ead8e780f603200cd674f8ce1050ed1</sys_scope>
            <sys_update_name>sys_documentation_x_58872_needit_historic__u_what_needed_en</sys_update_name>
            <sys_updated_by>admin</sys_updated_by>
            <sys_updated_on>2017-03-29 19:59:32</sys_updated_on>
            <url/>
            <url_target/>
        </sys_documentation>
    </sys_documentation>
</record_update>
