<?xml version="1.0" encoding="UTF-8"?>
<record_update table="sys_properties">
    <sys_properties action="INSERT_OR_UPDATE">
        <choices/>
        <description>Minimum number of days required between when a NeedIt request is created and the When needed date.</description>
        <ignore_cache>false</ignore_cache>
        <is_private>false</is_private>
        <name>x_58872_needit.advancedNoticeDays</name>
        <read_roles>x_58872_needit.admin</read_roles>
        <suffix>advancedNoticeDays</suffix>
        <sys_class_name>sys_properties</sys_class_name>
        <sys_created_by>admin</sys_created_by>
        <sys_created_on>2017-04-19 03:23:02</sys_created_on>
        <sys_customer_update>false</sys_customer_update>
        <sys_id>b9e69d500f9af2000d030dbce1050ef7</sys_id>
        <sys_mod_count>1</sys_mod_count>
        <sys_name>x_58872_needit.advancedNoticeDays</sys_name>
        <sys_package display_value="NeedIt" source="x_58872_needit">6ead8e780f603200cd674f8ce1050ed1</sys_package>
        <sys_policy/>
        <sys_replace_on_upgrade>false</sys_replace_on_upgrade>
        <sys_scope display_value="NeedIt">6ead8e780f603200cd674f8ce1050ed1</sys_scope>
        <sys_update_name>sys_properties_b9e69d500f9af2000d030dbce1050ef7</sys_update_name>
        <sys_updated_by>admin</sys_updated_by>
        <sys_updated_on>2017-04-19 03:35:23</sys_updated_on>
        <type>string</type>
        <value>2</value>
        <write_roles>x_58872_needit.admin</write_roles>
    </sys_properties>
    <sys_translated_text action="delete_multiple" query="documentkey=b9e69d500f9af2000d030dbce1050ef7"/>
</record_update>
