<?xml version="1.0" encoding="UTF-8"?>
<record_update table="sys_metadata_link">
    <sys_metadata_link action="INSERT_OR_UPDATE">
        <directory>update</directory>
        <documentkey>887ce6030fe03200cd674f8ce1050e08</documentkey>
        <payload><![CDATA[<?xml version="1.0" encoding="UTF-8"?>
<record_update sys_domain="global" table="x_58872_needit_needit">
    <x_58872_needit_needit action="INSERT_OR_UPDATE">
        <active>true</active>
        <activity_due/>
        <additional_assignee_list/>
        <approval>not requested</approval>
        <approval_history/>
        <approval_set/>
        <assigned_to/>
        <assignment_group/>
        <business_duration/>
        <business_service/>
        <calendar_duration/>
        <close_notes/>
        <closed_at/>
        <closed_by/>
        <cmdb_ci/>
        <comments/>
        <comments_and_work_notes/>
        <company/>
        <contact_type/>
        <correlation_display/>
        <correlation_id/>
        <delivery_plan/>
        <delivery_task/>
        <description/>
        <due_date/>
        <escalation>0</escalation>
        <expected_start/>
        <follow_up/>
        <group_list/>
        <impact>3</impact>
        <knowledge>false</knowledge>
        <location/>
        <made_sla>true</made_sla>
        <new_field_1/>
        <number>NI002003</number>
        <opened_at>2017-01-30 22:49:15</opened_at>
        <opened_by display_value="System Administrator">6816f79cc0a8016401c5a33be04be441</opened_by>
        <order/>
        <parent/>
        <priority>4</priority>
        <reassignment_count>0</reassignment_count>
        <rejection_goto/>
        <short_description>Check on new hire status</short_description>
        <skills/>
        <sla_due/>
        <state>13</state>
        <sys_class_name>x_58872_needit_needit</sys_class_name>
        <sys_created_by>admin</sys_created_by>
        <sys_created_on>2017-01-30 22:50:14</sys_created_on>
        <sys_domain>global</sys_domain>
        <sys_domain_path>/</sys_domain_path>
        <sys_id>887ce6030fe03200cd674f8ce1050e08</sys_id>
        <sys_mod_count>0</sys_mod_count>
        <sys_updated_by>admin</sys_updated_by>
        <sys_updated_on>2017-01-30 22:50:14</sys_updated_on>
        <time_worked/>
        <u_request_type>hr</u_request_type>
        <u_requested_for display_value="Fred Luddy">5137153cc611227c000bbd1bd8cd2005</u_requested_for>
        <u_what_needed>hr1</u_what_needed>
        <u_when_needed>2017-07-07 21:51:00</u_when_needed>
        <upon_approval>proceed</upon_approval>
        <upon_reject>cancel</upon_reject>
        <urgency>3</urgency>
        <user_input/>
        <variables/>
        <watch_list/>
        <wf_activity/>
        <work_end/>
        <work_notes/>
        <work_notes_list/>
        <work_start/>
    </x_58872_needit_needit>
</record_update>
]]></payload>
        <sys_class_name>sys_metadata_link</sys_class_name>
        <sys_created_by>admin</sys_created_by>
        <sys_created_on>2017-02-09 23:25:07</sys_created_on>
        <sys_customer_update>false</sys_customer_update>
        <sys_id>7684de569f703200bde5f79ff57fcf8d</sys_id>
        <sys_mod_count>0</sys_mod_count>
        <sys_name>NI002003</sys_name>
        <sys_package display_value="NeedIt" source="x_58872_needit">6ead8e780f603200cd674f8ce1050ed1</sys_package>
        <sys_policy/>
        <sys_replace_on_upgrade>false</sys_replace_on_upgrade>
        <sys_scope display_value="NeedIt">6ead8e780f603200cd674f8ce1050ed1</sys_scope>
        <sys_update_name>sys_metadata_link_7684de569f703200bde5f79ff57fcf8d</sys_update_name>
        <sys_updated_by>admin</sys_updated_by>
        <sys_updated_on>2017-02-09 23:25:07</sys_updated_on>
        <tablename>x_58872_needit_needit</tablename>
    </sys_metadata_link>
</record_update>
