<?xml version="1.0" encoding="UTF-8"?>
<record_update>
    <sys_ui_list parent="" relationship="" sys_domain="global" table="x_58872_needit_historic_" version="2" view="">
        <sys_ui_list_element action="INSERT_OR_UPDATE">
            <average_value>false</average_value>
            <element>sys_import_row</element>
            <list_id display_value="x_58872_needit_historic_" element="NULL" name="x_58872_needit_historic_" parent="NULL" relationship="NULL" sys_domain="global" view="Default view">b3c1b0314fb13200cb281b818110c7e0</list_id>
            <max_value>false</max_value>
            <min_value>false</min_value>
            <position>0</position>
            <sum>false</sum>
            <sys_created_by>admin</sys_created_by>
            <sys_created_on>2017-03-29 19:59:33</sys_created_on>
            <sys_id>3fc1b0314fb13200cb281b818110c7e0</sys_id>
            <sys_mod_count>0</sys_mod_count>
            <sys_updated_by>admin</sys_updated_by>
            <sys_updated_on>2017-03-29 19:59:33</sys_updated_on>
        </sys_ui_list_element>
        <sys_ui_list_element action="INSERT_OR_UPDATE">
            <average_value>false</average_value>
            <element>sys_import_set</element>
            <list_id display_value="x_58872_needit_historic_" element="NULL" name="x_58872_needit_historic_" parent="NULL" relationship="NULL" sys_domain="global" view="Default view">b3c1b0314fb13200cb281b818110c7e0</list_id>
            <max_value>false</max_value>
            <min_value>false</min_value>
            <position>1</position>
            <sum>false</sum>
            <sys_created_by>admin</sys_created_by>
            <sys_created_on>2017-03-29 19:59:33</sys_created_on>
            <sys_id>37c1b0314fb13200cb281b818110c7e1</sys_id>
            <sys_mod_count>0</sys_mod_count>
            <sys_updated_by>admin</sys_updated_by>
            <sys_updated_on>2017-03-29 19:59:33</sys_updated_on>
        </sys_ui_list_element>
        <sys_ui_list_element action="INSERT_OR_UPDATE">
            <average_value>false</average_value>
            <element>sys_import_state</element>
            <list_id display_value="x_58872_needit_historic_" element="NULL" name="x_58872_needit_historic_" parent="NULL" relationship="NULL" sys_domain="global" view="Default view">b3c1b0314fb13200cb281b818110c7e0</list_id>
            <max_value>false</max_value>
            <min_value>false</min_value>
            <position>2</position>
            <sum>false</sum>
            <sys_created_by>admin</sys_created_by>
            <sys_created_on>2017-03-29 19:59:33</sys_created_on>
            <sys_id>b7c1b0314fb13200cb281b818110c7e1</sys_id>
            <sys_mod_count>0</sys_mod_count>
            <sys_updated_by>admin</sys_updated_by>
            <sys_updated_on>2017-03-29 19:59:33</sys_updated_on>
        </sys_ui_list_element>
        <sys_ui_list_element action="INSERT_OR_UPDATE">
            <average_value>false</average_value>
            <element>u_requested_for</element>
            <list_id display_value="x_58872_needit_historic_" element="NULL" name="x_58872_needit_historic_" parent="NULL" relationship="NULL" sys_domain="global" view="Default view">b3c1b0314fb13200cb281b818110c7e0</list_id>
            <max_value>false</max_value>
            <min_value>false</min_value>
            <position>3</position>
            <sum>false</sum>
            <sys_created_by>admin</sys_created_by>
            <sys_created_on>2017-03-29 19:59:33</sys_created_on>
            <sys_id>3bc1b0314fb13200cb281b818110c7e1</sys_id>
            <sys_mod_count>0</sys_mod_count>
            <sys_updated_by>admin</sys_updated_by>
            <sys_updated_on>2017-03-29 19:59:33</sys_updated_on>
        </sys_ui_list_element>
        <sys_ui_list_element action="INSERT_OR_UPDATE">
            <average_value>false</average_value>
            <element>u_request_type</element>
            <list_id display_value="x_58872_needit_historic_" element="NULL" name="x_58872_needit_historic_" parent="NULL" relationship="NULL" sys_domain="global" view="Default view">b3c1b0314fb13200cb281b818110c7e0</list_id>
            <max_value>false</max_value>
            <min_value>false</min_value>
            <position>4</position>
            <sum>false</sum>
            <sys_created_by>admin</sys_created_by>
            <sys_created_on>2017-03-29 19:59:33</sys_created_on>
            <sys_id>bbc1b0314fb13200cb281b818110c7e1</sys_id>
            <sys_mod_count>0</sys_mod_count>
            <sys_updated_by>admin</sys_updated_by>
            <sys_updated_on>2017-03-29 19:59:33</sys_updated_on>
        </sys_ui_list_element>
        <sys_ui_list_element action="INSERT_OR_UPDATE">
            <average_value>false</average_value>
            <element>u_what_needed</element>
            <list_id display_value="x_58872_needit_historic_" element="NULL" name="x_58872_needit_historic_" parent="NULL" relationship="NULL" sys_domain="global" view="Default view">b3c1b0314fb13200cb281b818110c7e0</list_id>
            <max_value>false</max_value>
            <min_value>false</min_value>
            <position>5</position>
            <sum>false</sum>
            <sys_created_by>admin</sys_created_by>
            <sys_created_on>2017-03-29 19:59:33</sys_created_on>
            <sys_id>3fc1b0314fb13200cb281b818110c7e1</sys_id>
            <sys_mod_count>0</sys_mod_count>
            <sys_updated_by>admin</sys_updated_by>
            <sys_updated_on>2017-03-29 19:59:33</sys_updated_on>
        </sys_ui_list_element>
        <sys_ui_list_element action="INSERT_OR_UPDATE">
            <average_value>false</average_value>
            <element>u_short_description</element>
            <list_id display_value="x_58872_needit_historic_" element="NULL" name="x_58872_needit_historic_" parent="NULL" relationship="NULL" sys_domain="global" view="Default view">b3c1b0314fb13200cb281b818110c7e0</list_id>
            <max_value>false</max_value>
            <min_value>false</min_value>
            <position>6</position>
            <sum>false</sum>
            <sys_created_by>admin</sys_created_by>
            <sys_created_on>2017-03-29 19:59:33</sys_created_on>
            <sys_id>bfc1b0314fb13200cb281b818110c7e1</sys_id>
            <sys_mod_count>0</sys_mod_count>
            <sys_updated_by>admin</sys_updated_by>
            <sys_updated_on>2017-03-29 19:59:33</sys_updated_on>
        </sys_ui_list_element>
        <sys_ui_list_element action="INSERT_OR_UPDATE">
            <average_value>false</average_value>
            <element>u_must_have_by</element>
            <list_id display_value="x_58872_needit_historic_" element="NULL" name="x_58872_needit_historic_" parent="NULL" relationship="NULL" sys_domain="global" view="Default view">b3c1b0314fb13200cb281b818110c7e0</list_id>
            <max_value>false</max_value>
            <min_value>false</min_value>
            <position>7</position>
            <sum>false</sum>
            <sys_created_by>admin</sys_created_by>
            <sys_created_on>2017-03-29 19:59:33</sys_created_on>
            <sys_id>33c1b0314fb13200cb281b818110c7e2</sys_id>
            <sys_mod_count>0</sys_mod_count>
            <sys_updated_by>admin</sys_updated_by>
            <sys_updated_on>2017-03-29 19:59:33</sys_updated_on>
        </sys_ui_list_element>
        <sys_ui_list_element action="INSERT_OR_UPDATE">
            <average_value>false</average_value>
            <element>sys_target_table</element>
            <list_id display_value="x_58872_needit_historic_" element="NULL" name="x_58872_needit_historic_" parent="NULL" relationship="NULL" sys_domain="global" view="Default view">b3c1b0314fb13200cb281b818110c7e0</list_id>
            <max_value>false</max_value>
            <min_value>false</min_value>
            <position>8</position>
            <sum>false</sum>
            <sys_created_by>admin</sys_created_by>
            <sys_created_on>2017-03-29 19:59:33</sys_created_on>
            <sys_id>b3c1b0314fb13200cb281b818110c7e2</sys_id>
            <sys_mod_count>0</sys_mod_count>
            <sys_updated_by>admin</sys_updated_by>
            <sys_updated_on>2017-03-29 19:59:33</sys_updated_on>
        </sys_ui_list_element>
        <sys_ui_list_element action="INSERT_OR_UPDATE">
            <average_value>false</average_value>
            <element>sys_target_sys_id</element>
            <list_id display_value="x_58872_needit_historic_" element="NULL" name="x_58872_needit_historic_" parent="NULL" relationship="NULL" sys_domain="global" view="Default view">b3c1b0314fb13200cb281b818110c7e0</list_id>
            <max_value>false</max_value>
            <min_value>false</min_value>
            <position>9</position>
            <sum>false</sum>
            <sys_created_by>admin</sys_created_by>
            <sys_created_on>2017-03-29 19:59:33</sys_created_on>
            <sys_id>37c1b0314fb13200cb281b818110c7e2</sys_id>
            <sys_mod_count>0</sys_mod_count>
            <sys_updated_by>admin</sys_updated_by>
            <sys_updated_on>2017-03-29 19:59:33</sys_updated_on>
        </sys_ui_list_element>
        <sys_ui_list_element action="INSERT_OR_UPDATE">
            <average_value>false</average_value>
            <element>sys_row_error</element>
            <list_id display_value="x_58872_needit_historic_" element="NULL" name="x_58872_needit_historic_" parent="NULL" relationship="NULL" sys_domain="global" view="Default view">b3c1b0314fb13200cb281b818110c7e0</list_id>
            <max_value>false</max_value>
            <min_value>false</min_value>
            <position>10</position>
            <sum>false</sum>
            <sys_created_by>admin</sys_created_by>
            <sys_created_on>2017-03-29 19:59:33</sys_created_on>
            <sys_id>b7c1b0314fb13200cb281b818110c7e2</sys_id>
            <sys_mod_count>0</sys_mod_count>
            <sys_updated_by>admin</sys_updated_by>
            <sys_updated_on>2017-03-29 19:59:33</sys_updated_on>
        </sys_ui_list_element>
        <sys_ui_list action="INSERT_OR_UPDATE">
            <average_value>false</average_value>
            <element/>
            <max_value>false</max_value>
            <min_value>false</min_value>
            <name>x_58872_needit_historic_</name>
            <parent/>
            <position/>
            <relationship/>
            <sum>false</sum>
            <sys_class_name>sys_ui_list</sys_class_name>
            <sys_created_by>admin</sys_created_by>
            <sys_created_on>2017-03-29 19:59:33</sys_created_on>
            <sys_customer_update>false</sys_customer_update>
            <sys_domain>global</sys_domain>
            <sys_domain_path>/</sys_domain_path>
            <sys_id>b3c1b0314fb13200cb281b818110c7e0</sys_id>
            <sys_mod_count>0</sys_mod_count>
            <sys_name>x_58872_needit_historic_</sys_name>
            <sys_package display_value="NeedIt" source="x_58872_needit">6ead8e780f603200cd674f8ce1050ed1</sys_package>
            <sys_policy/>
            <sys_replace_on_upgrade>false</sys_replace_on_upgrade>
            <sys_scope display_value="NeedIt">6ead8e780f603200cd674f8ce1050ed1</sys_scope>
            <sys_update_name>sys_ui_list_x_58872_needit_historic__null</sys_update_name>
            <sys_updated_by>admin</sys_updated_by>
            <sys_updated_on>2017-03-29 19:59:33</sys_updated_on>
            <sys_user/>
            <view display_value="Default view" name="NULL">Default view</view>
            <view_name/>
        </sys_ui_list>
    </sys_ui_list>
</record_update>
