<?xml version="1.0" encoding="UTF-8"?>
<record_update table="sys_wizard_answer">
    <sys_wizard_answer action="INSERT_OR_UPDATE">
        <active>true</active>
        <answer>NeedIt</answer>
        <button_label/>
        <dependent_value/>
        <element/>
        <name>NeedIt</name>
        <next_question/>
        <order>100</order>
        <payload_name/>
        <question display_value="Task" name="Task">302649434f122200a9e6f4934210c782</question>
        <roles/>
        <script/>
        <sys_class_name>sys_wizard_answer</sys_class_name>
        <sys_created_by>system</sys_created_by>
        <sys_created_on>2017-04-19 03:12:09</sys_created_on>
        <sys_customer_update>false</sys_customer_update>
        <sys_id>679451100f9af2000d030dbce1050e2f</sys_id>
        <sys_mod_count>0</sys_mod_count>
        <sys_name>NeedIt</sys_name>
        <sys_package display_value="NeedIt" source="x_58872_needit">6ead8e780f603200cd674f8ce1050ed1</sys_package>
        <sys_policy/>
        <sys_replace_on_upgrade>false</sys_replace_on_upgrade>
        <sys_scope display_value="NeedIt">6ead8e780f603200cd674f8ce1050ed1</sys_scope>
        <sys_update_name>sys_wizard_answer_679451100f9af2000d030dbce1050e2f</sys_update_name>
        <sys_updated_by>system</sys_updated_by>
        <sys_updated_on>2017-04-19 03:12:09</sys_updated_on>
        <table/>
        <target_url>x_58872_needit_needit.do</target_url>
        <type>1</type>
    </sys_wizard_answer>
</record_update>
