<?xml version="1.0" encoding="UTF-8"?>
<record_update table="sys_ui_view">
    <sys_ui_view action="INSERT_OR_UPDATE">
        <group/>
        <hidden>false</hidden>
        <name>sys_popup,Myhomepage</name>
        <roles/>
        <sys_class_name>sys_ui_view</sys_class_name>
        <sys_created_by>admin</sys_created_by>
        <sys_created_on>2017-04-04 22:52:43</sys_created_on>
        <sys_customer_update>false</sys_customer_update>
        <sys_id>fef2d8bb4ff93200cb281b818110c703</sys_id>
        <sys_mod_count>0</sys_mod_count>
        <sys_name>Sys_popup,myhomepage</sys_name>
        <sys_package display_value="NeedIt" source="x_58872_needit">6ead8e780f603200cd674f8ce1050ed1</sys_package>
        <sys_policy/>
        <sys_replace_on_upgrade>false</sys_replace_on_upgrade>
        <sys_scope display_value="NeedIt">6ead8e780f603200cd674f8ce1050ed1</sys_scope>
        <sys_update_name>sys_ui_view_fef2d8bb4ff93200cb281b818110c703</sys_update_name>
        <sys_updated_by>admin</sys_updated_by>
        <sys_updated_on>2017-04-04 22:52:43</sys_updated_on>
        <title>Sys_popup,myhomepage</title>
        <user/>
    </sys_ui_view>
</record_update>
