<?xml version="1.0" encoding="UTF-8"?>
<record_update sys_domain="global" table="sys_script_client">
    <sys_script_client action="INSERT_OR_UPDATE">
        <active>true</active>
        <applies_extended>false</applies_extended>
        <condition/>
        <description>Set the Requested for value to the currently logged in user for new records. Users can change the field value.</description>
        <field>active</field>
        <global>true</global>
        <messages/>
        <name>NeedIt Set Requested for</name>
        <order/>
        <script><![CDATA[function onLoad() {
  //Check to see if the form is for a new record.  If it is a new record, 
  //set the Requested for value to the currently logged in user.

    if(g_form.isNewRecord()){
        g_form.setValue('u_requested_for',g_user.userID);
    }
}]]></script>
        <sys_class_name>sys_script_client</sys_class_name>
        <sys_created_by>admin</sys_created_by>
        <sys_created_on>2017-02-16 01:17:29</sys_created_on>
        <sys_customer_update>false</sys_customer_update>
        <sys_domain>global</sys_domain>
        <sys_domain_path>/</sys_domain_path>
        <sys_id>9797ed589f013200bde5f79ff57fcff6</sys_id>
        <sys_mod_count>0</sys_mod_count>
        <sys_name>NeedIt Set Requested for</sys_name>
        <sys_overrides/>
        <sys_package display_value="NeedIt" source="x_58872_needit">6ead8e780f603200cd674f8ce1050ed1</sys_package>
        <sys_policy/>
        <sys_replace_on_upgrade>false</sys_replace_on_upgrade>
        <sys_scope display_value="NeedIt">6ead8e780f603200cd674f8ce1050ed1</sys_scope>
        <sys_update_name>sys_script_client_9797ed589f013200bde5f79ff57fcff6</sys_update_name>
        <sys_updated_by>admin</sys_updated_by>
        <sys_updated_on>2017-02-16 01:17:29</sys_updated_on>
        <table>x_58872_needit_needit</table>
        <type>onLoad</type>
        <ui_type>10</ui_type>
        <view/>
    </sys_script_client>
</record_update>
