<?xml version="1.0" encoding="UTF-8"?>
<record_update sys_domain="global" table="sys_script_client">
    <sys_script_client action="INSERT_OR_UPDATE">
        <active>true</active>
        <applies_extended>false</applies_extended>
        <condition/>
        <description>Only display What needed choices that match the Request type value.</description>
        <field>u_request_type</field>
        <global>true</global>
        <messages/>
        <name>NeedIt Request Type Options</name>
        <order/>
        <script><![CDATA[function onChange(control, oldValue, newValue, isLoading, isTemplate) {
    if (newValue == '') {
        return;
    }
    var whatneeded = g_form.getValue('u_what_needed');
    // Clear all of the choices from the What needed field choice list
    g_form.clearOptions('u_what_needed');
    // If the the value of the Request type field is hr, add
    // two hr choices and other to the What needed field choice list
    if (newValue == 'hr') {
        g_form.addOption('u_what_needed', 'hr1', 'Human Resources 1');
        g_form.addOption('u_what_needed', 'hr2', 'Human Resources 2');
        g_form.addOption('u_what_needed', 'other', 'Other');
    }
    // If the the value of the Request type field is facilities, add
    // two facilities choices and other to the What needed field
    // choice list
    if (newValue == 'facilities') {
        g_form.addOption('u_what_needed', 'facilities1', 'Facilities 1');
        g_form.addOption('u_what_needed', 'facilities2', 'Facilities 2');
        g_form.addOption('u_what_needed', 'other', 'Other');
    }
    // If the the value of the Request type field is legal, add
    // two legal choices and other to the What needed field
    // choice list
    if (newValue == 'legal') {
        g_form.addOption('u_what_needed', 'legal1', 'Legal 1');
        g_form.addOption('u_what_needed', 'legal2', 'Legal 2');
        g_form.addOption('u_what_needed', 'other', 'Other');
    }
    // If the form is loading and it is not a new record, set the u_what_needed value to the
    // value from the record before it was loaded
    if (isLoading && !g_form.isNewRecord()) {
        g_form.setValue('u_what_needed', whatneeded);
    }
}]]></script>
        <sys_class_name>sys_script_client</sys_class_name>
        <sys_created_by>admin</sys_created_by>
        <sys_created_on>2017-02-16 01:06:51</sys_created_on>
        <sys_customer_update>false</sys_customer_update>
        <sys_domain>global</sys_domain>
        <sys_domain_path>/</sys_domain_path>
        <sys_id>fff4ad589f013200bde5f79ff57fcf84</sys_id>
        <sys_mod_count>1</sys_mod_count>
        <sys_name>NeedIt Request Type Options</sys_name>
        <sys_overrides/>
        <sys_package display_value="NeedIt" source="x_58872_needit">6ead8e780f603200cd674f8ce1050ed1</sys_package>
        <sys_policy/>
        <sys_replace_on_upgrade>false</sys_replace_on_upgrade>
        <sys_scope display_value="NeedIt">6ead8e780f603200cd674f8ce1050ed1</sys_scope>
        <sys_update_name>sys_script_client_fff4ad589f013200bde5f79ff57fcf84</sys_update_name>
        <sys_updated_by>admin</sys_updated_by>
        <sys_updated_on>2017-05-02 22:35:11</sys_updated_on>
        <table>x_58872_needit_needit</table>
        <type>onChange</type>
        <ui_type>10</ui_type>
        <view/>
    </sys_script_client>
</record_update>
