<?xml version="1.0" encoding="UTF-8"?>
<record_update table="sys_user_role">
    <sys_user_role action="INSERT_OR_UPDATE">
        <assignable_by/>
        <can_delegate>true</can_delegate>
        <description/>
        <elevated_privilege>false</elevated_privilege>
        <grantable>true</grantable>
        <includes_roles/>
        <name>x_58872_needit.needit_user</name>
        <suffix>needit_user</suffix>
        <sys_class_name>sys_user_role</sys_class_name>
        <sys_created_by>admin</sys_created_by>
        <sys_created_on>2017-01-24 22:46:33</sys_created_on>
        <sys_customer_update>false</sys_customer_update>
        <sys_id>4e42fb8d0fa83200cd674f8ce1050e72</sys_id>
        <sys_mod_count>0</sys_mod_count>
        <sys_name>x_58872_needit.needit_user</sys_name>
        <sys_package display_value="NeedIt" source="x_58872_needit">6ead8e780f603200cd674f8ce1050ed1</sys_package>
        <sys_policy/>
        <sys_replace_on_upgrade>false</sys_replace_on_upgrade>
        <sys_scope display_value="NeedIt">6ead8e780f603200cd674f8ce1050ed1</sys_scope>
        <sys_update_name>sys_user_role_4e42fb8d0fa83200cd674f8ce1050e72</sys_update_name>
        <sys_updated_by>admin</sys_updated_by>
        <sys_updated_on>2017-01-24 22:46:33</sys_updated_on>
    </sys_user_role>
</record_update>
