<?xml version="1.0" encoding="UTF-8"?>
<record_update table="sysauto_script">
    <sysauto_script action="INSERT_OR_UPDATE">
        <active>true</active>
        <condition/>
        <conditional>false</conditional>
        <name>Find NeedIt Tasks Due Soon</name>
        <run_as display_value="System Administrator">6816f79cc0a8016401c5a33be04be441</run_as>
        <run_as_tz/>
        <run_dayofmonth>1</run_dayofmonth>
        <run_dayofweek>1</run_dayofweek>
        <run_period/>
        <run_start>2017-04-10 23:59:53</run_start>
        <run_time>1970-01-01 16:05:00</run_time>
        <run_type>daily</run_type>
        <script><![CDATA[// Get today's time and date
var rightNow = new GlideDateTime();

// Query the database for NeedIt Task records with Due date field values within
// 24 hours from now.  Only return NeedIt Task records that do not have
// a State field value of Closed Complete.
var dueSoon = new GlideRecord('x_58872_needit_needit_task');
dueSoon.addQuery('due_date','>=',rightNow);
dueSoon.addQuery('due_date','<',gs.hoursAgo(-24));
dueSoon.addQuery('state','!=',3);

dueSoon.query();
// Write a log message for each overdue NeedIt Task Record
while(dueSoon.next()){
	gs.info("NeedIt Task due soon record = " + dueSoon.number);
	gs.eventQueue('x_58872_needit.dueSoonNeedItTasks',dueSoon,dueSoon.number,gs.getUserName());
}


]]></script>
        <sys_class_name>sysauto_script</sys_class_name>
        <sys_created_by>admin</sys_created_by>
        <sys_created_on>2017-04-11 00:00:44</sys_created_on>
        <sys_customer_update>false</sys_customer_update>
        <sys_id>85eb1fa10f8232000d030dbce1050e8b</sys_id>
        <sys_mod_count>3</sys_mod_count>
        <sys_name>Find NeedIt Tasks Due Soon</sys_name>
        <sys_package display_value="NeedIt" source="x_58872_needit">6ead8e780f603200cd674f8ce1050ed1</sys_package>
        <sys_policy/>
        <sys_replace_on_upgrade>false</sys_replace_on_upgrade>
        <sys_scope display_value="NeedIt">6ead8e780f603200cd674f8ce1050ed1</sys_scope>
        <sys_update_name>sysauto_script_85eb1fa10f8232000d030dbce1050e8b</sys_update_name>
        <sys_updated_by>admin</sys_updated_by>
        <sys_updated_on>2017-04-11 01:26:22</sys_updated_on>
        <upgrade_safe>false</upgrade_safe>
    </sysauto_script>
</record_update>
