<?xml version="1.0" encoding="UTF-8"?>
<record_update table="sysauto_script">
    <sysauto_script action="INSERT_OR_UPDATE">
        <active>true</active>
        <condition/>
        <conditional>false</conditional>
        <name>Find Overdue NeedIt Tasks</name>
        <run_as display_value="System Administrator">6816f79cc0a8016401c5a33be04be441</run_as>
        <run_as_tz/>
        <run_dayofmonth>1</run_dayofmonth>
        <run_dayofweek>1</run_dayofweek>
        <run_period/>
        <run_start>2017-04-10 23:58:22</run_start>
        <run_time>1970-01-01 16:00:00</run_time>
        <run_type>daily</run_type>
        <script><![CDATA[// Get today's time and date
var rightNow = new GlideDateTime();

// Query the database for NeedIt Task records with Due date field values older
// then the current time.  Only return NeedIt Task records that do not have
// a State field value of Closed Complete.
var overdueNITasks = new GlideRecord('x_58872_needit_needit_task');
overdueNITasks.addQuery('due_date','<=',rightNow);
overdueNITasks.addQuery('state','!=',3);

overdueNITasks.query();
// Write a log message for each overdue NeedIt Task record
// Generate an event for each overdue NeedIt Task record
while(overdueNITasks.next()){
	gs.info("Overdue NeedIt Task record = " + overdueNITasks.number);
	gs.eventQueue('x_58872_needit.overdueNeedItTask',overdueNITasks,overdueNITasks.number,gs.getUserName());
}



]]></script>
        <sys_class_name>sysauto_script</sys_class_name>
        <sys_created_by>admin</sys_created_by>
        <sys_created_on>2017-04-10 23:59:33</sys_created_on>
        <sys_customer_update>false</sys_customer_update>
        <sys_id>c38b1f650f8232000d030dbce1050e6b</sys_id>
        <sys_mod_count>4</sys_mod_count>
        <sys_name>Find Overdue NeedIt Tasks</sys_name>
        <sys_package display_value="NeedIt" source="x_58872_needit">6ead8e780f603200cd674f8ce1050ed1</sys_package>
        <sys_policy/>
        <sys_replace_on_upgrade>false</sys_replace_on_upgrade>
        <sys_scope display_value="NeedIt">6ead8e780f603200cd674f8ce1050ed1</sys_scope>
        <sys_update_name>sysauto_script_c38b1f650f8232000d030dbce1050e6b</sys_update_name>
        <sys_updated_by>admin</sys_updated_by>
        <sys_updated_on>2017-04-11 13:49:50</sys_updated_on>
        <upgrade_safe>false</upgrade_safe>
    </sysauto_script>
</record_update>
