<?xml version="1.0" encoding="UTF-8"?>
<record_update table="sysevent_email_template">
    <sysevent_email_template action="INSERT_OR_UPDATE">
        <collection>x_58872_needit_needit_task</collection>
        <email_layout/>
        <message/>
        <message_html><![CDATA[<p>Click here to close&nbsp;NeedIt Task ${number}</p>]]></message_html>
        <message_list/>
        <message_text/>
        <name>mailto.closeneedittask</name>
        <sms_alternate/>
        <subject>Re: ${number} - please close NeedIt Task</subject>
        <sys_class_name>sysevent_email_template</sys_class_name>
        <sys_created_by>admin</sys_created_by>
        <sys_created_on>2017-04-18 02:21:33</sys_created_on>
        <sys_customer_update>false</sys_customer_update>
        <sys_id>013f33fb0f02f2000d030dbce1050e61</sys_id>
        <sys_mod_count>1</sys_mod_count>
        <sys_name>mailto.closeneedittask</sys_name>
        <sys_package display_value="NeedIt" source="x_58872_needit">6ead8e780f603200cd674f8ce1050ed1</sys_package>
        <sys_policy/>
        <sys_replace_on_upgrade>false</sys_replace_on_upgrade>
        <sys_scope display_value="NeedIt">6ead8e780f603200cd674f8ce1050ed1</sys_scope>
        <sys_update_name>sysevent_email_template_013f33fb0f02f2000d030dbce1050e61</sys_update_name>
        <sys_updated_by>admin</sys_updated_by>
        <sys_updated_on>2017-04-18 02:30:03</sys_updated_on>
        <sys_version>2</sys_version>
    </sysevent_email_template>
</record_update>
