<?xml version="1.0" encoding="UTF-8"?>
<record_update table="wf_workflow_version">
    <wf_workflow_version action="INSERT_OR_UPDATE">
        <active>true</active>
        <activity_stages>{"activities":{},"subflows":[],"stages":{},"ends":["53f2384c0f0232000d030dbce1050eab"]}</activity_stages>
        <after_business_rules>false</after_business_rules>
        <checked_out/>
        <checked_out_by/>
        <column_renderer display_value="Workflow-driven">a56213111b030100adca1e094f0713ac</column_renderer>
        <condition table="x_58872_needit_needit">state=14^EQ<item endquery="false" field="state" goto="false" newquery="false" operator="=" or="false" value="14"/>
            <item endquery="true" field="" goto="false" newquery="false" operator="=" or="false" value=""/>
        </condition>
        <condition_type>run_match</condition_type>
        <description>Request approval from Requested for's manager and set state value on reject or approve.</description>
        <expected_sequences>53f2384c0f0232000d030dbce1050eaa,dff2384c0f0232000d030dbce1050eab,abf23c8c0f0232000d030dbce1050e2f,38337c8c0f0232000d030dbce1050ebe,53f2384c0f0232000d030dbce1050eab</expected_sequences>
        <expected_time>1970-01-01 14:00:00</expected_time>
        <expected_time_type/>
        <full_sequences>53f2384c0f0232000d030dbce1050eaa,dff2384c0f0232000d030dbce1050eab,abf23c8c0f0232000d030dbce1050e2f,38337c8c0f0232000d030dbce1050ebe,53f2384c0f0232000d030dbce1050eab|53f2384c0f0232000d030dbce1050eaa,dff2384c0f0232000d030dbce1050eab,5ff2384c0f0232000d030dbce1050ea7,53f2384c0f0232000d030dbce1050eab</full_sequences>
        <journal/>
        <max_activity_count>100</max_activity_count>
        <name>NeedIt Approval</name>
        <not_cacheable>false</not_cacheable>
        <on_cancel><![CDATA[// This script executes if the workflow is cancelled.// The global variable context_sys_id contains the sys_id of the cancelled workflow context.]]></on_cancel>
        <order>100</order>
        <pin_type>set_by_activity</pin_type>
        <published>true</published>
        <relative_duration/>
        <requires_ert>true</requires_ert>
        <run_multiple>false</run_multiple>
        <schedule/>
        <stage_field/>
        <stage_order>computed</stage_order>
        <start display_value="Begin">53f2384c0f0232000d030dbce1050eaa</start>
        <sys_created_by>admin</sys_created_by>
        <sys_created_on>2017-04-05 19:51:03</sys_created_on>
        <sys_id>5ff2384c0f0232000d030dbce1050ea5</sys_id>
        <sys_mod_count>5</sys_mod_count>
        <sys_updated_by>admin</sys_updated_by>
        <sys_updated_on>2017-04-05 19:58:46</sys_updated_on>
        <table>x_58872_needit_needit</table>
        <timezone/>
        <validated>false</validated>
        <workflow display_value="NeedIt Approval">37fe0cb74ff93200cb281b818110c7a5</workflow>
    </wf_workflow_version>
    <wf_workflow action="INSERT_OR_UPDATE">
        <access>public</access>
        <description>Request approval from Requested for's manager and set state value on reject or approve.</description>
        <name>NeedIt Approval</name>
        <preview/>
        <sys_class_name>wf_workflow</sys_class_name>
        <sys_created_by>admin</sys_created_by>
        <sys_created_on>2017-04-04 22:35:18</sys_created_on>
        <sys_customer_update>false</sys_customer_update>
        <sys_domain>global</sys_domain>
        <sys_domain_path>/</sys_domain_path>
        <sys_id>37fe0cb74ff93200cb281b818110c7a5</sys_id>
        <sys_mod_count>0</sys_mod_count>
        <sys_name>NeedIt Approval</sys_name>
        <sys_overrides/>
        <sys_package display_value="NeedIt" source="x_58872_needit">6ead8e780f603200cd674f8ce1050ed1</sys_package>
        <sys_policy/>
        <sys_replace_on_upgrade>false</sys_replace_on_upgrade>
        <sys_scope display_value="NeedIt">6ead8e780f603200cd674f8ce1050ed1</sys_scope>
        <sys_update_name>wf_workflow_37fe0cb74ff93200cb281b818110c7a5</sys_update_name>
        <sys_updated_by>admin</sys_updated_by>
        <sys_updated_on>2017-04-04 22:35:18</sys_updated_on>
        <table>x_58872_needit_needit</table>
        <template>false</template>
        <vars/>
    </wf_workflow>
    <wf_activity action="INSERT_OR_UPDATE">
        <activity_definition display_value="Begin">c7a5e32c0a0a0b3a002377c24ed8ea76</activity_definition>
        <activity_definition_updated>false</activity_definition_updated>
        <databus_lookup_id>1</databus_lookup_id>
        <height/>
        <input/>
        <is_parent>false</is_parent>
        <name>Begin</name>
        <new_activity_definition/>
        <notes/>
        <out_of_date>false</out_of_date>
        <parent/>
        <pinned>false</pinned>
        <pinned_version/>
        <stage/>
        <sys_created_by>admin</sys_created_by>
        <sys_created_on>2017-04-05 19:51:03</sys_created_on>
        <sys_id>53f2384c0f0232000d030dbce1050eaa</sys_id>
        <sys_mod_count>0</sys_mod_count>
        <sys_updated_by>admin</sys_updated_by>
        <sys_updated_on>2017-04-05 19:51:03</sys_updated_on>
        <timeout>1970-01-01 00:00:00</timeout>
        <vars/>
        <width>80</width>
        <workflow_version display_value="NeedIt Approval">5ff2384c0f0232000d030dbce1050ea5</workflow_version>
        <x>36</x>
        <y>66</y>
    </wf_activity>
    <sys_variable_value action="delete_multiple" query="document_key=53f2384c0f0232000d030dbce1050eaa"/>
    <wf_condition action="INSERT_OR_UPDATE">
        <activity display_value="Begin">53f2384c0f0232000d030dbce1050eaa</activity>
        <condition>true</condition>
        <condition_default/>
        <condition_type>standard</condition_type>
        <else_flag>false</else_flag>
        <error>false</error>
        <event>false</event>
        <event_name/>
        <is_positive>true</is_positive>
        <name>Always</name>
        <order>0</order>
        <short_description/>
        <skip_during_generate>false</skip_during_generate>
        <sys_created_by>admin</sys_created_by>
        <sys_created_on>2017-04-05 19:51:03</sys_created_on>
        <sys_id>9bf2384c0f0232000d030dbce1050eaa</sys_id>
        <sys_mod_count>0</sys_mod_count>
        <sys_updated_by>admin</sys_updated_by>
        <sys_updated_on>2017-04-05 19:51:03</sys_updated_on>
    </wf_condition>
    <wf_activity action="INSERT_OR_UPDATE">
        <activity_definition display_value="Create Task">9f4d1be5c0a8016400043d34ce066316</activity_definition>
        <activity_definition_updated>false</activity_definition_updated>
        <databus_lookup_id>6</databus_lookup_id>
        <height/>
        <input>{}</input>
        <is_parent>false</is_parent>
        <name>Create NeedIt Task</name>
        <new_activity_definition/>
        <notes/>
        <out_of_date>false</out_of_date>
        <parent/>
        <pinned>false</pinned>
        <pinned_version/>
        <stage/>
        <sys_created_by>admin</sys_created_by>
        <sys_created_on>2017-04-05 19:53:42</sys_created_on>
        <sys_id>38337c8c0f0232000d030dbce1050ebe</sys_id>
        <sys_mod_count>3</sys_mod_count>
        <sys_updated_by>admin</sys_updated_by>
        <sys_updated_on>2017-04-05 19:54:11</sys_updated_on>
        <timeout>1970-01-01 00:00:00</timeout>
        <vars/>
        <width/>
        <workflow_version display_value="NeedIt Approval">5ff2384c0f0232000d030dbce1050ea5</workflow_version>
        <x>617</x>
        <y>75</y>
    </wf_activity>
    <sys_variable_value action="delete_multiple" query="document_key=38337c8c0f0232000d030dbce1050ebe"/>
    <sys_variable_value action="INSERT_OR_UPDATE">
        <document>wf_activity</document>
        <document_key>38337c8c0f0232000d030dbce1050ebe</document_key>
        <order>250</order>
        <sys_class_name>sys_variable_value</sys_class_name>
        <sys_created_by>admin</sys_created_by>
        <sys_created_on>2017-04-05 19:53:42</sys_created_on>
        <sys_id>129370cc0f0232000d030dbce1050e20</sys_id>
        <sys_mod_count>0</sys_mod_count>
        <sys_updated_by>admin</sys_updated_by>
        <sys_updated_on>2017-04-05 19:53:42</sys_updated_on>
        <value/>
        <variable display_value="">c35e03850a0a0ba96248a709503bd0c4</variable>
    </sys_variable_value>
    <sys_variable_value action="INSERT_OR_UPDATE">
        <document>wf_activity</document>
        <document_key>38337c8c0f0232000d030dbce1050ebe</document_key>
        <order>1100</order>
        <sys_class_name>sys_variable_value</sys_class_name>
        <sys_created_by>admin</sys_created_by>
        <sys_created_on>2017-04-05 19:53:42</sys_created_on>
        <sys_id>1293f04c0f0232000d030dbce1050ed2</sys_id>
        <sys_mod_count>0</sys_mod_count>
        <sys_updated_by>admin</sys_updated_by>
        <sys_updated_on>2017-04-05 19:53:42</sys_updated_on>
        <value/>
        <variable display_value="">c35e07ae0a0a0ba96248a7097c81317c</variable>
    </sys_variable_value>
    <sys_variable_value action="INSERT_OR_UPDATE">
        <document>wf_activity</document>
        <document_key>38337c8c0f0232000d030dbce1050ebe</document_key>
        <order>20</order>
        <sys_class_name>sys_variable_value</sys_class_name>
        <sys_created_by>admin</sys_created_by>
        <sys_created_on>2017-04-05 19:53:42</sys_created_on>
        <sys_id>169370cc0f0232000d030dbce1050e21</sys_id>
        <sys_mod_count>0</sys_mod_count>
        <sys_updated_by>admin</sys_updated_by>
        <sys_updated_on>2017-04-05 19:53:42</sys_updated_on>
        <value/>
        <variable display_value="">c35e49040a0a0ba96248a709c2b3780b</variable>
    </sys_variable_value>
    <sys_variable_value action="INSERT_OR_UPDATE">
        <document>wf_activity</document>
        <document_key>38337c8c0f0232000d030dbce1050ebe</document_key>
        <order>700</order>
        <sys_class_name>sys_variable_value</sys_class_name>
        <sys_created_by>admin</sys_created_by>
        <sys_created_on>2017-04-05 19:53:42</sys_created_on>
        <sys_id>1693f04c0f0232000d030dbce1050ed3</sys_id>
        <sys_mod_count>0</sys_mod_count>
        <sys_updated_by>admin</sys_updated_by>
        <sys_updated_on>2017-04-05 19:53:42</sys_updated_on>
        <value/>
        <variable display_value="">8ed08869c0a800662aafc17e09975bb3</variable>
    </sys_variable_value>
    <sys_variable_value action="INSERT_OR_UPDATE">
        <document>wf_activity</document>
        <document_key>38337c8c0f0232000d030dbce1050ebe</document_key>
        <order>1000</order>
        <sys_class_name>sys_variable_value</sys_class_name>
        <sys_created_by>admin</sys_created_by>
        <sys_created_on>2017-04-05 19:53:42</sys_created_on>
        <sys_id>1a9370cc0f0232000d030dbce1050e22</sys_id>
        <sys_mod_count>0</sys_mod_count>
        <sys_updated_by>admin</sys_updated_by>
        <sys_updated_on>2017-04-05 19:53:42</sys_updated_on>
        <value>Values</value>
        <variable display_value="">c35dfee20a0a0ba96248a709f3a40869</variable>
    </sys_variable_value>
    <sys_variable_value action="INSERT_OR_UPDATE">
        <document>wf_activity</document>
        <document_key>38337c8c0f0232000d030dbce1050ebe</document_key>
        <order>200</order>
        <sys_class_name>sys_variable_value</sys_class_name>
        <sys_created_by>admin</sys_created_by>
        <sys_created_on>2017-04-05 19:53:42</sys_created_on>
        <sys_id>1e9370cc0f0232000d030dbce1050e23</sys_id>
        <sys_mod_count>0</sys_mod_count>
        <sys_updated_by>admin</sys_updated_by>
        <sys_updated_on>2017-04-05 19:53:42</sys_updated_on>
        <value/>
        <variable display_value="">8ec1dbcec0a800662abc511f1daedc1d</variable>
    </sys_variable_value>
    <sys_variable_value action="INSERT_OR_UPDATE">
        <document>wf_activity</document>
        <document_key>38337c8c0f0232000d030dbce1050ebe</document_key>
        <order>720</order>
        <sys_class_name>sys_variable_value</sys_class_name>
        <sys_created_by>admin</sys_created_by>
        <sys_created_on>2017-04-05 19:53:42</sys_created_on>
        <sys_id>529370cc0f0232000d030dbce1050e24</sys_id>
        <sys_mod_count>0</sys_mod_count>
        <sys_updated_by>admin</sys_updated_by>
        <sys_updated_on>2017-04-05 19:53:42</sys_updated_on>
        <value/>
        <variable display_value="">8ed32275c0a800665d67078e699a171f</variable>
    </sys_variable_value>
    <sys_variable_value action="INSERT_OR_UPDATE">
        <document>wf_activity</document>
        <document_key>38337c8c0f0232000d030dbce1050ebe</document_key>
        <order>1600</order>
        <sys_class_name>sys_variable_value</sys_class_name>
        <sys_created_by>admin</sys_created_by>
        <sys_created_on>2017-04-05 19:53:42</sys_created_on>
        <sys_id>569370cc0f0232000d030dbce1050e20</sys_id>
        <sys_mod_count>0</sys_mod_count>
        <sys_updated_by>admin</sys_updated_by>
        <sys_updated_on>2017-04-05 19:53:42</sys_updated_on>
        <value/>
        <variable display_value="">c35dd7a80a0a0ba96248a709f45ae01b</variable>
    </sys_variable_value>
    <sys_variable_value action="INSERT_OR_UPDATE">
        <document>wf_activity</document>
        <document_key>38337c8c0f0232000d030dbce1050ebe</document_key>
        <order>710</order>
        <sys_class_name>sys_variable_value</sys_class_name>
        <sys_created_by>admin</sys_created_by>
        <sys_created_on>2017-04-05 19:53:42</sys_created_on>
        <sys_id>5693f04c0f0232000d030dbce1050ed2</sys_id>
        <sys_mod_count>0</sys_mod_count>
        <sys_updated_by>admin</sys_updated_by>
        <sys_updated_on>2017-04-05 19:53:42</sys_updated_on>
        <value/>
        <variable display_value="">8ed4dbbec0a800664dbecf404d2c7ccd</variable>
    </sys_variable_value>
    <sys_variable_value action="INSERT_OR_UPDATE">
        <document>wf_activity</document>
        <document_key>38337c8c0f0232000d030dbce1050ebe</document_key>
        <order>300</order>
        <sys_class_name>sys_variable_value</sys_class_name>
        <sys_created_by>admin</sys_created_by>
        <sys_created_on>2017-04-05 19:53:42</sys_created_on>
        <sys_id>5a9370cc0f0232000d030dbce1050e21</sys_id>
        <sys_mod_count>0</sys_mod_count>
        <sys_updated_by>admin</sys_updated_by>
        <sys_updated_on>2017-04-05 19:53:42</sys_updated_on>
        <value/>
        <variable display_value="">8ec61405c0a800661755b30be4ff8fcd</variable>
    </sys_variable_value>
    <sys_variable_value action="INSERT_OR_UPDATE">
        <document>wf_activity</document>
        <document_key>38337c8c0f0232000d030dbce1050ebe</document_key>
        <order>1710</order>
        <sys_class_name>sys_variable_value</sys_class_name>
        <sys_created_by>admin</sys_created_by>
        <sys_created_on>2017-04-05 19:53:42</sys_created_on>
        <sys_id>5e9370cc0f0232000d030dbce1050e22</sys_id>
        <sys_mod_count>0</sys_mod_count>
        <sys_updated_by>admin</sys_updated_by>
        <sys_updated_on>2017-04-05 19:53:42</sys_updated_on>
        <value>// Set values for the task in this script.  Use the variable 'task' when setting additional values.&#13;
// Note: This script is run after the task values are set using the Fields, Template or Values you have specified.&#13;
//&#13;
// For example:&#13;
//     task.short_description = current.short_description;&#13;
task.short_description = current.u_request_type + ' : ' + current.u_what_needed + ' : ' + current.short_description;&#13;
task.description = current.description;&#13;
task.due_date = current.u_when_needed;  &#13;
task.assigned_to = "beth.anglin";&#13;
</value>
        <variable display_value="">989cdb20c0a800661789b3de0f40214a</variable>
    </sys_variable_value>
    <sys_variable_value action="INSERT_OR_UPDATE">
        <document>wf_activity</document>
        <document_key>38337c8c0f0232000d030dbce1050ebe</document_key>
        <order>1400</order>
        <sys_class_name>sys_variable_value</sys_class_name>
        <sys_created_by>admin</sys_created_by>
        <sys_created_on>2017-04-05 19:53:42</sys_created_on>
        <sys_id>929370cc0f0232000d030dbce1050e23</sys_id>
        <sys_mod_count>0</sys_mod_count>
        <sys_updated_by>admin</sys_updated_by>
        <sys_updated_on>2017-04-05 19:53:42</sys_updated_on>
        <value/>
        <variable display_value="">c35e176c0a0a0ba96248a7090e235011</variable>
    </sys_variable_value>
    <sys_variable_value action="INSERT_OR_UPDATE">
        <document>wf_activity</document>
        <document_key>38337c8c0f0232000d030dbce1050ebe</document_key>
        <order>40</order>
        <sys_class_name>sys_variable_value</sys_class_name>
        <sys_created_by>admin</sys_created_by>
        <sys_created_on>2017-04-05 19:53:42</sys_created_on>
        <sys_id>969370cc0f0232000d030dbce1050e1f</sys_id>
        <sys_mod_count>0</sys_mod_count>
        <sys_updated_by>admin</sys_updated_by>
        <sys_updated_on>2017-04-05 19:53:42</sys_updated_on>
        <value>1</value>
        <variable display_value="">c35e5fc70a0a0ba96248a7091af61d11</variable>
    </sys_variable_value>
    <sys_variable_value action="INSERT_OR_UPDATE">
        <document>wf_activity</document>
        <document_key>38337c8c0f0232000d030dbce1050ebe</document_key>
        <order>600</order>
        <sys_class_name>sys_variable_value</sys_class_name>
        <sys_created_by>admin</sys_created_by>
        <sys_created_on>2017-04-05 19:53:42</sys_created_on>
        <sys_id>9693f04c0f0232000d030dbce1050ed1</sys_id>
        <sys_mod_count>0</sys_mod_count>
        <sys_updated_by>admin</sys_updated_by>
        <sys_updated_on>2017-04-05 19:53:42</sys_updated_on>
        <value/>
        <variable display_value="">8ecbeba5c0a8006672d676cd11dfa881</variable>
    </sys_variable_value>
    <sys_variable_value action="INSERT_OR_UPDATE">
        <document>wf_activity</document>
        <document_key>38337c8c0f0232000d030dbce1050ebe</document_key>
        <order>400</order>
        <sys_class_name>sys_variable_value</sys_class_name>
        <sys_created_by>admin</sys_created_by>
        <sys_created_on>2017-04-05 19:53:42</sys_created_on>
        <sys_id>9a9370cc0f0232000d030dbce1050e20</sys_id>
        <sys_mod_count>0</sys_mod_count>
        <sys_updated_by>admin</sys_updated_by>
        <sys_updated_on>2017-04-05 19:53:42</sys_updated_on>
        <value>3bf802c20a0a0b52008e2859cd8abcf2</value>
        <variable display_value="">8ec7a5dbc0a80066187fa7acf3778705</variable>
    </sys_variable_value>
    <sys_variable_value action="INSERT_OR_UPDATE">
        <document>wf_activity</document>
        <document_key>38337c8c0f0232000d030dbce1050ebe</document_key>
        <order>1500</order>
        <sys_class_name>sys_variable_value</sys_class_name>
        <sys_created_by>admin</sys_created_by>
        <sys_created_on>2017-04-05 19:53:42</sys_created_on>
        <sys_id>9a93f04c0f0232000d030dbce1050ed2</sys_id>
        <sys_mod_count>0</sys_mod_count>
        <sys_updated_by>admin</sys_updated_by>
        <sys_updated_on>2017-04-05 19:53:42</sys_updated_on>
        <value/>
        <variable display_value="">c35e45aa0a0a0ba96248a709f3af7bac</variable>
    </sys_variable_value>
    <sys_variable_value action="INSERT_OR_UPDATE">
        <document>wf_activity</document>
        <document_key>38337c8c0f0232000d030dbce1050ebe</document_key>
        <order>10</order>
        <sys_class_name>sys_variable_value</sys_class_name>
        <sys_created_by>admin</sys_created_by>
        <sys_created_on>2017-04-05 19:53:42</sys_created_on>
        <sys_id>9e9370cc0f0232000d030dbce1050e21</sys_id>
        <sys_mod_count>0</sys_mod_count>
        <sys_updated_by>admin</sys_updated_by>
        <sys_updated_on>2017-04-05 19:53:42</sys_updated_on>
        <value>x_58872_needit_needit_task</value>
        <variable display_value="">c35ddb660a0a0ba96248a7095d22925c</variable>
    </sys_variable_value>
    <sys_variable_value action="INSERT_OR_UPDATE">
        <document>wf_activity</document>
        <document_key>38337c8c0f0232000d030dbce1050ebe</document_key>
        <order>620</order>
        <sys_class_name>sys_variable_value</sys_class_name>
        <sys_created_by>admin</sys_created_by>
        <sys_created_on>2017-04-05 19:53:42</sys_created_on>
        <sys_id>d29370cc0f0232000d030dbce1050e22</sys_id>
        <sys_mod_count>0</sys_mod_count>
        <sys_updated_by>admin</sys_updated_by>
        <sys_updated_on>2017-04-05 19:53:42</sys_updated_on>
        <value>08fcd0830a0a0b2600079f56b1adb9ae</value>
        <variable display_value="">8eda2a35c0a800660f7aef7be752bf0b</variable>
    </sys_variable_value>
    <sys_variable_value action="INSERT_OR_UPDATE">
        <document>wf_activity</document>
        <document_key>38337c8c0f0232000d030dbce1050ebe</document_key>
        <order>610</order>
        <sys_class_name>sys_variable_value</sys_class_name>
        <sys_created_by>admin</sys_created_by>
        <sys_created_on>2017-04-05 19:53:42</sys_created_on>
        <sys_id>d69370cc0f0232000d030dbce1050e23</sys_id>
        <sys_mod_count>0</sys_mod_count>
        <sys_updated_by>admin</sys_updated_by>
        <sys_updated_on>2017-04-05 19:53:42</sys_updated_on>
        <value/>
        <variable display_value="">8ecf789cc0a8006652fc30aae937c5aa</variable>
    </sys_variable_value>
    <sys_variable_value action="INSERT_OR_UPDATE">
        <document>wf_activity</document>
        <document_key>38337c8c0f0232000d030dbce1050ebe</document_key>
        <order>2000</order>
        <sys_class_name>sys_variable_value</sys_class_name>
        <sys_created_by>admin</sys_created_by>
        <sys_created_on>2017-04-05 19:53:42</sys_created_on>
        <sys_id>da9370cc0f0232000d030dbce1050e1f</sys_id>
        <sys_mod_count>0</sys_mod_count>
        <sys_updated_by>admin</sys_updated_by>
        <sys_updated_on>2017-04-05 19:53:42</sys_updated_on>
        <value>// Set 'answer' to the number of seconds this timer should wait&#13;
answer = 0;</value>
        <variable display_value="">8eca692cc0a80066783fefee57143a1a</variable>
    </sys_variable_value>
    <sys_variable_value action="INSERT_OR_UPDATE">
        <document>wf_activity</document>
        <document_key>38337c8c0f0232000d030dbce1050ebe</document_key>
        <order>1700</order>
        <sys_class_name>sys_variable_value</sys_class_name>
        <sys_created_by>admin</sys_created_by>
        <sys_created_on>2017-04-05 19:53:42</sys_created_on>
        <sys_id>da93f04c0f0232000d030dbce1050ed1</sys_id>
        <sys_mod_count>0</sys_mod_count>
        <sys_updated_by>admin</sys_updated_by>
        <sys_updated_on>2017-04-05 19:53:42</sys_updated_on>
        <value>1</value>
        <variable display_value="">989c45c8c0a8006676efffafaa6d7442</variable>
    </sys_variable_value>
    <sys_variable_value action="INSERT_OR_UPDATE">
        <document>wf_activity</document>
        <document_key>38337c8c0f0232000d030dbce1050ebe</document_key>
        <order>1200</order>
        <sys_class_name>sys_variable_value</sys_class_name>
        <sys_created_by>admin</sys_created_by>
        <sys_created_on>2017-04-05 19:53:42</sys_created_on>
        <sys_id>de9370cc0f0232000d030dbce1050e20</sys_id>
        <sys_mod_count>0</sys_mod_count>
        <sys_updated_by>admin</sys_updated_by>
        <sys_updated_on>2017-04-05 19:53:42</sys_updated_on>
        <value/>
        <variable display_value="">c35e0c980a0a0ba96248a70916cbc62e</variable>
    </sys_variable_value>
    <sys_variable_value action="INSERT_OR_UPDATE">
        <document>wf_activity</document>
        <document_key>38337c8c0f0232000d030dbce1050ebe</document_key>
        <order>1300</order>
        <sys_class_name>sys_variable_value</sys_class_name>
        <sys_created_by>admin</sys_created_by>
        <sys_created_on>2017-04-05 19:53:42</sys_created_on>
        <sys_id>de93f04c0f0232000d030dbce1050ed2</sys_id>
        <sys_mod_count>0</sys_mod_count>
        <sys_updated_by>admin</sys_updated_by>
        <sys_updated_on>2017-04-05 19:53:42</sys_updated_on>
        <value/>
        <variable display_value="">c35e10720a0a0ba96248a709d48d0894</variable>
    </sys_variable_value>
    <sys_variable_value action="INSERT_OR_UPDATE">
        <document>wf_activity</document>
        <document_key>38337c8c0f0232000d030dbce1050ebe</document_key>
        <order>10</order>
        <sys_class_name>sys_variable_value</sys_class_name>
        <sys_created_by>admin</sys_created_by>
        <sys_created_on>2017-04-05 19:53:42</sys_created_on>
        <sys_id>9e9370cc0f0232000d030dbce1050e21</sys_id>
        <sys_mod_count>0</sys_mod_count>
        <sys_updated_by>admin</sys_updated_by>
        <sys_updated_on>2017-04-05 19:53:42</sys_updated_on>
        <value>x_58872_needit_needit_task</value>
        <variable display_value="">c35ddb660a0a0ba96248a7095d22925c</variable>
    </sys_variable_value>
    <sys_variable_value action="INSERT_OR_UPDATE">
        <document>wf_activity</document>
        <document_key>38337c8c0f0232000d030dbce1050ebe</document_key>
        <order>20</order>
        <sys_class_name>sys_variable_value</sys_class_name>
        <sys_created_by>admin</sys_created_by>
        <sys_created_on>2017-04-05 19:53:42</sys_created_on>
        <sys_id>169370cc0f0232000d030dbce1050e21</sys_id>
        <sys_mod_count>0</sys_mod_count>
        <sys_updated_by>admin</sys_updated_by>
        <sys_updated_on>2017-04-05 19:53:42</sys_updated_on>
        <value/>
        <variable display_value="">c35e49040a0a0ba96248a709c2b3780b</variable>
    </sys_variable_value>
    <sys_variable_value action="INSERT_OR_UPDATE">
        <document>wf_activity</document>
        <document_key>38337c8c0f0232000d030dbce1050ebe</document_key>
        <order>40</order>
        <sys_class_name>sys_variable_value</sys_class_name>
        <sys_created_by>admin</sys_created_by>
        <sys_created_on>2017-04-05 19:53:42</sys_created_on>
        <sys_id>969370cc0f0232000d030dbce1050e1f</sys_id>
        <sys_mod_count>0</sys_mod_count>
        <sys_updated_by>admin</sys_updated_by>
        <sys_updated_on>2017-04-05 19:53:42</sys_updated_on>
        <value>1</value>
        <variable display_value="">c35e5fc70a0a0ba96248a7091af61d11</variable>
    </sys_variable_value>
    <sys_variable_value action="INSERT_OR_UPDATE">
        <document>wf_activity</document>
        <document_key>38337c8c0f0232000d030dbce1050ebe</document_key>
        <order>200</order>
        <sys_class_name>sys_variable_value</sys_class_name>
        <sys_created_by>admin</sys_created_by>
        <sys_created_on>2017-04-05 19:53:42</sys_created_on>
        <sys_id>1e9370cc0f0232000d030dbce1050e23</sys_id>
        <sys_mod_count>0</sys_mod_count>
        <sys_updated_by>admin</sys_updated_by>
        <sys_updated_on>2017-04-05 19:53:42</sys_updated_on>
        <value/>
        <variable display_value="">8ec1dbcec0a800662abc511f1daedc1d</variable>
    </sys_variable_value>
    <sys_variable_value action="INSERT_OR_UPDATE">
        <document>wf_activity</document>
        <document_key>38337c8c0f0232000d030dbce1050ebe</document_key>
        <order>250</order>
        <sys_class_name>sys_variable_value</sys_class_name>
        <sys_created_by>admin</sys_created_by>
        <sys_created_on>2017-04-05 19:53:42</sys_created_on>
        <sys_id>129370cc0f0232000d030dbce1050e20</sys_id>
        <sys_mod_count>0</sys_mod_count>
        <sys_updated_by>admin</sys_updated_by>
        <sys_updated_on>2017-04-05 19:53:42</sys_updated_on>
        <value/>
        <variable display_value="">c35e03850a0a0ba96248a709503bd0c4</variable>
    </sys_variable_value>
    <sys_variable_value action="INSERT_OR_UPDATE">
        <document>wf_activity</document>
        <document_key>38337c8c0f0232000d030dbce1050ebe</document_key>
        <order>300</order>
        <sys_class_name>sys_variable_value</sys_class_name>
        <sys_created_by>admin</sys_created_by>
        <sys_created_on>2017-04-05 19:53:42</sys_created_on>
        <sys_id>5a9370cc0f0232000d030dbce1050e21</sys_id>
        <sys_mod_count>0</sys_mod_count>
        <sys_updated_by>admin</sys_updated_by>
        <sys_updated_on>2017-04-05 19:53:42</sys_updated_on>
        <value/>
        <variable display_value="">8ec61405c0a800661755b30be4ff8fcd</variable>
    </sys_variable_value>
    <sys_variable_value action="INSERT_OR_UPDATE">
        <document>wf_activity</document>
        <document_key>38337c8c0f0232000d030dbce1050ebe</document_key>
        <order>400</order>
        <sys_class_name>sys_variable_value</sys_class_name>
        <sys_created_by>admin</sys_created_by>
        <sys_created_on>2017-04-05 19:53:42</sys_created_on>
        <sys_id>9a9370cc0f0232000d030dbce1050e20</sys_id>
        <sys_mod_count>0</sys_mod_count>
        <sys_updated_by>admin</sys_updated_by>
        <sys_updated_on>2017-04-05 19:53:42</sys_updated_on>
        <value>3bf802c20a0a0b52008e2859cd8abcf2</value>
        <variable display_value="">8ec7a5dbc0a80066187fa7acf3778705</variable>
    </sys_variable_value>
    <sys_variable_value action="INSERT_OR_UPDATE">
        <document>wf_activity</document>
        <document_key>38337c8c0f0232000d030dbce1050ebe</document_key>
        <order>600</order>
        <sys_class_name>sys_variable_value</sys_class_name>
        <sys_created_by>admin</sys_created_by>
        <sys_created_on>2017-04-05 19:53:42</sys_created_on>
        <sys_id>9693f04c0f0232000d030dbce1050ed1</sys_id>
        <sys_mod_count>0</sys_mod_count>
        <sys_updated_by>admin</sys_updated_by>
        <sys_updated_on>2017-04-05 19:53:42</sys_updated_on>
        <value/>
        <variable display_value="">8ecbeba5c0a8006672d676cd11dfa881</variable>
    </sys_variable_value>
    <sys_variable_value action="INSERT_OR_UPDATE">
        <document>wf_activity</document>
        <document_key>38337c8c0f0232000d030dbce1050ebe</document_key>
        <order>610</order>
        <sys_class_name>sys_variable_value</sys_class_name>
        <sys_created_by>admin</sys_created_by>
        <sys_created_on>2017-04-05 19:53:42</sys_created_on>
        <sys_id>d69370cc0f0232000d030dbce1050e23</sys_id>
        <sys_mod_count>0</sys_mod_count>
        <sys_updated_by>admin</sys_updated_by>
        <sys_updated_on>2017-04-05 19:53:42</sys_updated_on>
        <value/>
        <variable display_value="">8ecf789cc0a8006652fc30aae937c5aa</variable>
    </sys_variable_value>
    <sys_variable_value action="INSERT_OR_UPDATE">
        <document>wf_activity</document>
        <document_key>38337c8c0f0232000d030dbce1050ebe</document_key>
        <order>620</order>
        <sys_class_name>sys_variable_value</sys_class_name>
        <sys_created_by>admin</sys_created_by>
        <sys_created_on>2017-04-05 19:53:42</sys_created_on>
        <sys_id>d29370cc0f0232000d030dbce1050e22</sys_id>
        <sys_mod_count>0</sys_mod_count>
        <sys_updated_by>admin</sys_updated_by>
        <sys_updated_on>2017-04-05 19:53:42</sys_updated_on>
        <value>08fcd0830a0a0b2600079f56b1adb9ae</value>
        <variable display_value="">8eda2a35c0a800660f7aef7be752bf0b</variable>
    </sys_variable_value>
    <sys_variable_value action="INSERT_OR_UPDATE">
        <document>wf_activity</document>
        <document_key>38337c8c0f0232000d030dbce1050ebe</document_key>
        <order>700</order>
        <sys_class_name>sys_variable_value</sys_class_name>
        <sys_created_by>admin</sys_created_by>
        <sys_created_on>2017-04-05 19:53:42</sys_created_on>
        <sys_id>1693f04c0f0232000d030dbce1050ed3</sys_id>
        <sys_mod_count>0</sys_mod_count>
        <sys_updated_by>admin</sys_updated_by>
        <sys_updated_on>2017-04-05 19:53:42</sys_updated_on>
        <value/>
        <variable display_value="">8ed08869c0a800662aafc17e09975bb3</variable>
    </sys_variable_value>
    <sys_variable_value action="INSERT_OR_UPDATE">
        <document>wf_activity</document>
        <document_key>38337c8c0f0232000d030dbce1050ebe</document_key>
        <order>710</order>
        <sys_class_name>sys_variable_value</sys_class_name>
        <sys_created_by>admin</sys_created_by>
        <sys_created_on>2017-04-05 19:53:42</sys_created_on>
        <sys_id>5693f04c0f0232000d030dbce1050ed2</sys_id>
        <sys_mod_count>0</sys_mod_count>
        <sys_updated_by>admin</sys_updated_by>
        <sys_updated_on>2017-04-05 19:53:42</sys_updated_on>
        <value/>
        <variable display_value="">8ed4dbbec0a800664dbecf404d2c7ccd</variable>
    </sys_variable_value>
    <sys_variable_value action="INSERT_OR_UPDATE">
        <document>wf_activity</document>
        <document_key>38337c8c0f0232000d030dbce1050ebe</document_key>
        <order>720</order>
        <sys_class_name>sys_variable_value</sys_class_name>
        <sys_created_by>admin</sys_created_by>
        <sys_created_on>2017-04-05 19:53:42</sys_created_on>
        <sys_id>529370cc0f0232000d030dbce1050e24</sys_id>
        <sys_mod_count>0</sys_mod_count>
        <sys_updated_by>admin</sys_updated_by>
        <sys_updated_on>2017-04-05 19:53:42</sys_updated_on>
        <value/>
        <variable display_value="">8ed32275c0a800665d67078e699a171f</variable>
    </sys_variable_value>
    <sys_variable_value action="INSERT_OR_UPDATE">
        <document>wf_activity</document>
        <document_key>38337c8c0f0232000d030dbce1050ebe</document_key>
        <order>1000</order>
        <sys_class_name>sys_variable_value</sys_class_name>
        <sys_created_by>admin</sys_created_by>
        <sys_created_on>2017-04-05 19:53:42</sys_created_on>
        <sys_id>1a9370cc0f0232000d030dbce1050e22</sys_id>
        <sys_mod_count>0</sys_mod_count>
        <sys_updated_by>admin</sys_updated_by>
        <sys_updated_on>2017-04-05 19:53:42</sys_updated_on>
        <value>Values</value>
        <variable display_value="">c35dfee20a0a0ba96248a709f3a40869</variable>
    </sys_variable_value>
    <sys_variable_value action="INSERT_OR_UPDATE">
        <document>wf_activity</document>
        <document_key>38337c8c0f0232000d030dbce1050ebe</document_key>
        <order>1100</order>
        <sys_class_name>sys_variable_value</sys_class_name>
        <sys_created_by>admin</sys_created_by>
        <sys_created_on>2017-04-05 19:53:42</sys_created_on>
        <sys_id>1293f04c0f0232000d030dbce1050ed2</sys_id>
        <sys_mod_count>0</sys_mod_count>
        <sys_updated_by>admin</sys_updated_by>
        <sys_updated_on>2017-04-05 19:53:42</sys_updated_on>
        <value/>
        <variable display_value="">c35e07ae0a0a0ba96248a7097c81317c</variable>
    </sys_variable_value>
    <sys_variable_value action="INSERT_OR_UPDATE">
        <document>wf_activity</document>
        <document_key>38337c8c0f0232000d030dbce1050ebe</document_key>
        <order>1200</order>
        <sys_class_name>sys_variable_value</sys_class_name>
        <sys_created_by>admin</sys_created_by>
        <sys_created_on>2017-04-05 19:53:42</sys_created_on>
        <sys_id>de9370cc0f0232000d030dbce1050e20</sys_id>
        <sys_mod_count>0</sys_mod_count>
        <sys_updated_by>admin</sys_updated_by>
        <sys_updated_on>2017-04-05 19:53:42</sys_updated_on>
        <value/>
        <variable display_value="">c35e0c980a0a0ba96248a70916cbc62e</variable>
    </sys_variable_value>
    <sys_variable_value action="INSERT_OR_UPDATE">
        <document>wf_activity</document>
        <document_key>38337c8c0f0232000d030dbce1050ebe</document_key>
        <order>1300</order>
        <sys_class_name>sys_variable_value</sys_class_name>
        <sys_created_by>admin</sys_created_by>
        <sys_created_on>2017-04-05 19:53:42</sys_created_on>
        <sys_id>de93f04c0f0232000d030dbce1050ed2</sys_id>
        <sys_mod_count>0</sys_mod_count>
        <sys_updated_by>admin</sys_updated_by>
        <sys_updated_on>2017-04-05 19:53:42</sys_updated_on>
        <value/>
        <variable display_value="">c35e10720a0a0ba96248a709d48d0894</variable>
    </sys_variable_value>
    <sys_variable_value action="INSERT_OR_UPDATE">
        <document>wf_activity</document>
        <document_key>38337c8c0f0232000d030dbce1050ebe</document_key>
        <order>1400</order>
        <sys_class_name>sys_variable_value</sys_class_name>
        <sys_created_by>admin</sys_created_by>
        <sys_created_on>2017-04-05 19:53:42</sys_created_on>
        <sys_id>929370cc0f0232000d030dbce1050e23</sys_id>
        <sys_mod_count>0</sys_mod_count>
        <sys_updated_by>admin</sys_updated_by>
        <sys_updated_on>2017-04-05 19:53:42</sys_updated_on>
        <value/>
        <variable display_value="">c35e176c0a0a0ba96248a7090e235011</variable>
    </sys_variable_value>
    <sys_variable_value action="INSERT_OR_UPDATE">
        <document>wf_activity</document>
        <document_key>38337c8c0f0232000d030dbce1050ebe</document_key>
        <order>1500</order>
        <sys_class_name>sys_variable_value</sys_class_name>
        <sys_created_by>admin</sys_created_by>
        <sys_created_on>2017-04-05 19:53:42</sys_created_on>
        <sys_id>9a93f04c0f0232000d030dbce1050ed2</sys_id>
        <sys_mod_count>0</sys_mod_count>
        <sys_updated_by>admin</sys_updated_by>
        <sys_updated_on>2017-04-05 19:53:42</sys_updated_on>
        <value/>
        <variable display_value="">c35e45aa0a0a0ba96248a709f3af7bac</variable>
    </sys_variable_value>
    <sys_variable_value action="INSERT_OR_UPDATE">
        <document>wf_activity</document>
        <document_key>38337c8c0f0232000d030dbce1050ebe</document_key>
        <order>1600</order>
        <sys_class_name>sys_variable_value</sys_class_name>
        <sys_created_by>admin</sys_created_by>
        <sys_created_on>2017-04-05 19:53:42</sys_created_on>
        <sys_id>569370cc0f0232000d030dbce1050e20</sys_id>
        <sys_mod_count>0</sys_mod_count>
        <sys_updated_by>admin</sys_updated_by>
        <sys_updated_on>2017-04-05 19:53:42</sys_updated_on>
        <value/>
        <variable display_value="">c35dd7a80a0a0ba96248a709f45ae01b</variable>
    </sys_variable_value>
    <sys_variable_value action="INSERT_OR_UPDATE">
        <document>wf_activity</document>
        <document_key>38337c8c0f0232000d030dbce1050ebe</document_key>
        <order>1700</order>
        <sys_class_name>sys_variable_value</sys_class_name>
        <sys_created_by>admin</sys_created_by>
        <sys_created_on>2017-04-05 19:53:42</sys_created_on>
        <sys_id>da93f04c0f0232000d030dbce1050ed1</sys_id>
        <sys_mod_count>0</sys_mod_count>
        <sys_updated_by>admin</sys_updated_by>
        <sys_updated_on>2017-04-05 19:53:42</sys_updated_on>
        <value>1</value>
        <variable display_value="">989c45c8c0a8006676efffafaa6d7442</variable>
    </sys_variable_value>
    <sys_variable_value action="INSERT_OR_UPDATE">
        <document>wf_activity</document>
        <document_key>38337c8c0f0232000d030dbce1050ebe</document_key>
        <order>1710</order>
        <sys_class_name>sys_variable_value</sys_class_name>
        <sys_created_by>admin</sys_created_by>
        <sys_created_on>2017-04-05 19:53:42</sys_created_on>
        <sys_id>5e9370cc0f0232000d030dbce1050e22</sys_id>
        <sys_mod_count>0</sys_mod_count>
        <sys_updated_by>admin</sys_updated_by>
        <sys_updated_on>2017-04-05 19:53:42</sys_updated_on>
        <value>// Set values for the task in this script.  Use the variable 'task' when setting additional values.&#13;
// Note: This script is run after the task values are set using the Fields, Template or Values you have specified.&#13;
//&#13;
// For example:&#13;
//     task.short_description = current.short_description;&#13;
task.short_description = current.u_request_type + ' : ' + current.u_what_needed + ' : ' + current.short_description;&#13;
task.description = current.description;&#13;
task.due_date = current.u_when_needed;  &#13;
task.assigned_to = "beth.anglin";&#13;
</value>
        <variable display_value="">989cdb20c0a800661789b3de0f40214a</variable>
    </sys_variable_value>
    <sys_variable_value action="INSERT_OR_UPDATE">
        <document>wf_activity</document>
        <document_key>38337c8c0f0232000d030dbce1050ebe</document_key>
        <order>2000</order>
        <sys_class_name>sys_variable_value</sys_class_name>
        <sys_created_by>admin</sys_created_by>
        <sys_created_on>2017-04-05 19:53:42</sys_created_on>
        <sys_id>da9370cc0f0232000d030dbce1050e1f</sys_id>
        <sys_mod_count>0</sys_mod_count>
        <sys_updated_by>admin</sys_updated_by>
        <sys_updated_on>2017-04-05 19:53:42</sys_updated_on>
        <value>// Set 'answer' to the number of seconds this timer should wait&#13;
answer = 0;</value>
        <variable display_value="">8eca692cc0a80066783fefee57143a1a</variable>
    </sys_variable_value>
    <wf_condition action="INSERT_OR_UPDATE">
        <activity display_value="Create NeedIt Task">38337c8c0f0232000d030dbce1050ebe</activity>
        <condition>true</condition>
        <condition_default/>
        <condition_type>standard</condition_type>
        <else_flag>false</else_flag>
        <error>false</error>
        <event>false</event>
        <event_name/>
        <is_positive>true</is_positive>
        <name>Always</name>
        <order>0</order>
        <short_description/>
        <skip_during_generate>false</skip_during_generate>
        <sys_created_by>admin</sys_created_by>
        <sys_created_on>2017-04-05 19:53:42</sys_created_on>
        <sys_id>2e9370cc0f0232000d030dbce1050e24</sys_id>
        <sys_mod_count>0</sys_mod_count>
        <sys_updated_by>admin</sys_updated_by>
        <sys_updated_on>2017-04-05 19:53:42</sys_updated_on>
    </wf_condition>
    <wf_activity action="INSERT_OR_UPDATE">
        <activity_definition display_value="End">c7a66f7d0a0a0b3a004544a6d2f14076</activity_definition>
        <activity_definition_updated>false</activity_definition_updated>
        <databus_lookup_id>2</databus_lookup_id>
        <height/>
        <input/>
        <is_parent>false</is_parent>
        <name>End</name>
        <new_activity_definition/>
        <notes/>
        <out_of_date>false</out_of_date>
        <parent/>
        <pinned>false</pinned>
        <pinned_version/>
        <stage/>
        <sys_created_by>admin</sys_created_by>
        <sys_created_on>2017-04-05 19:51:03</sys_created_on>
        <sys_id>53f2384c0f0232000d030dbce1050eab</sys_id>
        <sys_mod_count>2</sys_mod_count>
        <sys_updated_by>admin</sys_updated_by>
        <sys_updated_on>2017-04-05 19:54:20</sys_updated_on>
        <timeout>1970-01-01 00:00:00</timeout>
        <vars/>
        <width>80</width>
        <workflow_version display_value="NeedIt Approval">5ff2384c0f0232000d030dbce1050ea5</workflow_version>
        <x>694</x>
        <y>177</y>
    </wf_activity>
    <sys_variable_value action="delete_multiple" query="document_key=53f2384c0f0232000d030dbce1050eab"/>
    <wf_activity action="INSERT_OR_UPDATE">
        <activity_definition display_value="Approval - User">35433da80a0a029a0028c639a1e51eb4</activity_definition>
        <activity_definition_updated>false</activity_definition_updated>
        <databus_lookup_id>3</databus_lookup_id>
        <height/>
        <input>{}</input>
        <is_parent>false</is_parent>
        <name>Request Manager Approval</name>
        <new_activity_definition/>
        <notes/>
        <out_of_date>false</out_of_date>
        <parent/>
        <pinned>false</pinned>
        <pinned_version/>
        <stage/>
        <sys_created_by>admin</sys_created_by>
        <sys_created_on>2017-04-05 19:51:03</sys_created_on>
        <sys_id>dff2384c0f0232000d030dbce1050eab</sys_id>
        <sys_mod_count>0</sys_mod_count>
        <sys_updated_by>admin</sys_updated_by>
        <sys_updated_on>2017-04-05 19:51:03</sys_updated_on>
        <timeout>1970-01-01 00:00:00</timeout>
        <vars/>
        <width/>
        <workflow_version display_value="NeedIt Approval">5ff2384c0f0232000d030dbce1050ea5</workflow_version>
        <x>191</x>
        <y>88</y>
    </wf_activity>
    <sys_variable_value action="delete_multiple" query="document_key=dff2384c0f0232000d030dbce1050eab"/>
    <sys_variable_value action="INSERT_OR_UPDATE">
        <document>wf_activity</document>
        <document_key>dff2384c0f0232000d030dbce1050eab</document_key>
        <order>2050</order>
        <sys_class_name>sys_variable_value</sys_class_name>
        <sys_created_by>admin</sys_created_by>
        <sys_created_on>2017-04-05 19:51:03</sys_created_on>
        <sys_id>23f23c8c0f0232000d030dbce1050e2e</sys_id>
        <sys_mod_count>0</sys_mod_count>
        <sys_updated_by>admin</sys_updated_by>
        <sys_updated_on>2017-04-05 19:51:03</sys_updated_on>
        <value>// Set the variable 'answer' to a comma-separated list of user ids and/or group ids or an array of user/group ids to add as approvers.&#13;
//&#13;
// For example:&#13;
//       answer = [];&#13;
//       answer.push('id1');&#13;
//       answer.push('id2');&#13;
</value>
        <variable display_value="">c35e582f0a0a0ba96248a70985207e63</variable>
    </sys_variable_value>
    <sys_variable_value action="INSERT_OR_UPDATE">
        <document>wf_activity</document>
        <document_key>dff2384c0f0232000d030dbce1050eab</document_key>
        <order>1200</order>
        <sys_class_name>sys_variable_value</sys_class_name>
        <sys_created_by>admin</sys_created_by>
        <sys_created_on>2017-04-05 19:51:03</sys_created_on>
        <sys_id>27f2384c0f0232000d030dbce1050ead</sys_id>
        <sys_mod_count>0</sys_mod_count>
        <sys_updated_by>admin</sys_updated_by>
        <sys_updated_on>2017-04-05 19:51:03</sys_updated_on>
        <value/>
        <variable display_value="">a775f59ac0a8006665d72362ae687035</variable>
    </sys_variable_value>
    <sys_variable_value action="INSERT_OR_UPDATE">
        <document>wf_activity</document>
        <document_key>dff2384c0f0232000d030dbce1050eab</document_key>
        <order>120</order>
        <sys_class_name>sys_variable_value</sys_class_name>
        <sys_created_by>admin</sys_created_by>
        <sys_created_on>2017-04-05 19:51:03</sys_created_on>
        <sys_id>2bf2384c0f0232000d030dbce1050eae</sys_id>
        <sys_mod_count>0</sys_mod_count>
        <sys_updated_by>admin</sys_updated_by>
        <sys_updated_on>2017-04-05 19:51:03</sys_updated_on>
        <value/>
        <variable display_value="">a77903a7c0a8006641af7c9b1d34444e</variable>
    </sys_variable_value>
    <sys_variable_value action="INSERT_OR_UPDATE">
        <document>wf_activity</document>
        <document_key>dff2384c0f0232000d030dbce1050eab</document_key>
        <order>1110</order>
        <sys_class_name>sys_variable_value</sys_class_name>
        <sys_created_by>admin</sys_created_by>
        <sys_created_on>2017-04-05 19:51:03</sys_created_on>
        <sys_id>2bf23c8c0f0232000d030dbce1050e2b</sys_id>
        <sys_mod_count>0</sys_mod_count>
        <sys_updated_by>admin</sys_updated_by>
        <sys_updated_on>2017-04-05 19:51:03</sys_updated_on>
        <value/>
        <variable display_value="">a769a182c0a8006629db7fa3fc2a863d</variable>
    </sys_variable_value>
    <sys_variable_value action="INSERT_OR_UPDATE">
        <document>wf_activity</document>
        <document_key>dff2384c0f0232000d030dbce1050eab</document_key>
        <order>900</order>
        <sys_class_name>sys_variable_value</sys_class_name>
        <sys_created_by>admin</sys_created_by>
        <sys_created_on>2017-04-05 19:51:03</sys_created_on>
        <sys_id>2ff23c8c0f0232000d030dbce1050e2c</sys_id>
        <sys_mod_count>0</sys_mod_count>
        <sys_updated_by>admin</sys_updated_by>
        <sys_updated_on>2017-04-05 19:51:03</sys_updated_on>
        <value>08fcd0830a0a0b2600079f56b1adb9ae</value>
        <variable display_value="">a7754e91c0a800664938d0ef6d2664d7</variable>
    </sys_variable_value>
    <sys_variable_value action="INSERT_OR_UPDATE">
        <document>wf_activity</document>
        <document_key>dff2384c0f0232000d030dbce1050eab</document_key>
        <order>104</order>
        <sys_class_name>sys_variable_value</sys_class_name>
        <sys_created_by>admin</sys_created_by>
        <sys_created_on>2017-04-05 19:51:03</sys_created_on>
        <sys_id>63f23c8c0f0232000d030dbce1050e2d</sys_id>
        <sys_mod_count>0</sys_mod_count>
        <sys_updated_by>admin</sys_updated_by>
        <sys_updated_on>2017-04-05 19:51:03</sys_updated_on>
        <value/>
        <variable display_value="">e37a96e80a0004f978b47d2d6c5e0b22</variable>
    </sys_variable_value>
    <sys_variable_value action="INSERT_OR_UPDATE">
        <document>wf_activity</document>
        <document_key>dff2384c0f0232000d030dbce1050eab</document_key>
        <order>110</order>
        <sys_class_name>sys_variable_value</sys_class_name>
        <sys_created_by>admin</sys_created_by>
        <sys_created_on>2017-04-05 19:51:03</sys_created_on>
        <sys_id>67f2384c0f0232000d030dbce1050eac</sys_id>
        <sys_mod_count>0</sys_mod_count>
        <sys_updated_by>admin</sys_updated_by>
        <sys_updated_on>2017-04-05 19:51:03</sys_updated_on>
        <value/>
        <variable display_value="">a77191a4c0a800662b403f7dff5f1bbd</variable>
    </sys_variable_value>
    <sys_variable_value action="INSERT_OR_UPDATE">
        <document>wf_activity</document>
        <document_key>dff2384c0f0232000d030dbce1050eab</document_key>
        <order>115</order>
        <sys_class_name>sys_variable_value</sys_class_name>
        <sys_created_by>admin</sys_created_by>
        <sys_created_on>2017-04-05 19:51:03</sys_created_on>
        <sys_id>67f23c8c0f0232000d030dbce1050e2e</sys_id>
        <sys_mod_count>0</sys_mod_count>
        <sys_updated_by>admin</sys_updated_by>
        <sys_updated_on>2017-04-05 19:51:03</sys_updated_on>
        <value/>
        <variable display_value="">a76680b9c0a8006661b107d0f21fae67</variable>
    </sys_variable_value>
    <sys_variable_value action="INSERT_OR_UPDATE">
        <document>wf_activity</document>
        <document_key>dff2384c0f0232000d030dbce1050eab</document_key>
        <order>1330</order>
        <sys_class_name>sys_variable_value</sys_class_name>
        <sys_created_by>admin</sys_created_by>
        <sys_created_on>2017-04-05 19:51:03</sys_created_on>
        <sys_id>6bf2384c0f0232000d030dbce1050ead</sys_id>
        <sys_mod_count>0</sys_mod_count>
        <sys_updated_by>admin</sys_updated_by>
        <sys_updated_on>2017-04-05 19:51:03</sys_updated_on>
        <value/>
        <variable display_value="">02c618170a0a0b26436f5c2c9f7a3901</variable>
    </sys_variable_value>
    <sys_variable_value action="INSERT_OR_UPDATE">
        <document>wf_activity</document>
        <document_key>dff2384c0f0232000d030dbce1050eab</document_key>
        <order>1360</order>
        <sys_class_name>sys_variable_value</sys_class_name>
        <sys_created_by>admin</sys_created_by>
        <sys_created_on>2017-04-05 19:51:03</sys_created_on>
        <sys_id>6ff2384c0f0232000d030dbce1050eae</sys_id>
        <sys_mod_count>0</sys_mod_count>
        <sys_updated_by>admin</sys_updated_by>
        <sys_updated_on>2017-04-05 19:51:03</sys_updated_on>
        <value>// Set 'answer' to the number of seconds this timer should wait&#13;
answer = 0;</value>
        <variable display_value="">a782cde9c0a8006608f39abdd85c8395</variable>
    </sys_variable_value>
    <sys_variable_value action="INSERT_OR_UPDATE">
        <document>wf_activity</document>
        <document_key>dff2384c0f0232000d030dbce1050eab</document_key>
        <order>50</order>
        <sys_class_name>sys_variable_value</sys_class_name>
        <sys_created_by>admin</sys_created_by>
        <sys_created_on>2017-04-05 19:51:03</sys_created_on>
        <sys_id>6ff23c8c0f0232000d030dbce1050e2b</sys_id>
        <sys_mod_count>0</sys_mod_count>
        <sys_updated_by>admin</sys_updated_by>
        <sys_updated_on>2017-04-05 19:51:03</sys_updated_on>
        <value/>
        <variable display_value="">4485eef70a6a803f6bc4bafa9e999640</variable>
    </sys_variable_value>
    <sys_variable_value action="INSERT_OR_UPDATE">
        <document>wf_activity</document>
        <document_key>dff2384c0f0232000d030dbce1050eab</document_key>
        <order>200</order>
        <sys_class_name>sys_variable_value</sys_class_name>
        <sys_created_by>admin</sys_created_by>
        <sys_created_on>2017-04-05 19:51:03</sys_created_on>
        <sys_id>a3f2384c0f0232000d030dbce1050eaf</sys_id>
        <sys_mod_count>0</sys_mod_count>
        <sys_updated_by>admin</sys_updated_by>
        <sys_updated_on>2017-04-05 19:51:03</sys_updated_on>
        <value>${u_requested_for.manager}</value>
        <variable display_value="">c35e4cc40a0a0ba96248a7098ec9cb06</variable>
    </sys_variable_value>
    <sys_variable_value action="INSERT_OR_UPDATE">
        <document>wf_activity</document>
        <document_key>dff2384c0f0232000d030dbce1050eab</document_key>
        <order>1120</order>
        <sys_class_name>sys_variable_value</sys_class_name>
        <sys_created_by>admin</sys_created_by>
        <sys_created_on>2017-04-05 19:51:03</sys_created_on>
        <sys_id>a3f23c8c0f0232000d030dbce1050e2c</sys_id>
        <sys_mod_count>0</sys_mod_count>
        <sys_updated_by>admin</sys_updated_by>
        <sys_updated_on>2017-04-05 19:51:03</sys_updated_on>
        <value>3bf802c20a0a0b52008e2859cd8abcf2</value>
        <variable display_value="">a76c6257c0a8006645cff43883470e64</variable>
    </sys_variable_value>
    <sys_variable_value action="INSERT_OR_UPDATE">
        <document>wf_activity</document>
        <document_key>dff2384c0f0232000d030dbce1050eab</document_key>
        <order>100</order>
        <sys_class_name>sys_variable_value</sys_class_name>
        <sys_created_by>admin</sys_created_by>
        <sys_created_on>2017-04-05 19:51:03</sys_created_on>
        <sys_id>a7f23c8c0f0232000d030dbce1050e2d</sys_id>
        <sys_mod_count>0</sys_mod_count>
        <sys_updated_by>admin</sys_updated_by>
        <sys_updated_on>2017-04-05 19:51:03</sys_updated_on>
        <value>any</value>
        <variable display_value="">c35e5bdd0a0a0ba96248a709f495c9ae</variable>
    </sys_variable_value>
    <sys_variable_value action="INSERT_OR_UPDATE">
        <document>wf_activity</document>
        <document_key>dff2384c0f0232000d030dbce1050eab</document_key>
        <order>2000</order>
        <sys_class_name>sys_variable_value</sys_class_name>
        <sys_created_by>admin</sys_created_by>
        <sys_created_on>2017-04-05 19:51:03</sys_created_on>
        <sys_id>abf2384c0f0232000d030dbce1050eac</sys_id>
        <sys_mod_count>0</sys_mod_count>
        <sys_updated_by>admin</sys_updated_by>
        <sys_updated_on>2017-04-05 19:51:03</sys_updated_on>
        <value>0</value>
        <variable display_value="">02ca01820a0a0b261cf923fb95f5e1d0</variable>
    </sys_variable_value>
    <sys_variable_value action="INSERT_OR_UPDATE">
        <document>wf_activity</document>
        <document_key>dff2384c0f0232000d030dbce1050eab</document_key>
        <order>1200</order>
        <sys_class_name>sys_variable_value</sys_class_name>
        <sys_created_by>admin</sys_created_by>
        <sys_created_on>2017-04-05 19:51:03</sys_created_on>
        <sys_id>abf23c8c0f0232000d030dbce1050e2e</sys_id>
        <sys_mod_count>0</sys_mod_count>
        <sys_updated_by>admin</sys_updated_by>
        <sys_updated_on>2017-04-05 19:51:03</sys_updated_on>
        <value/>
        <variable display_value="">a7781cb6c0a80066147dc7a5244d5d16</variable>
    </sys_variable_value>
    <sys_variable_value action="INSERT_OR_UPDATE">
        <document>wf_activity</document>
        <document_key>dff2384c0f0232000d030dbce1050eab</document_key>
        <order>101</order>
        <sys_class_name>sys_variable_value</sys_class_name>
        <sys_created_by>admin</sys_created_by>
        <sys_created_on>2017-04-05 19:51:03</sys_created_on>
        <sys_id>aff2384c0f0232000d030dbce1050ead</sys_id>
        <sys_mod_count>0</sys_mod_count>
        <sys_updated_by>admin</sys_updated_by>
        <sys_updated_on>2017-04-05 19:51:03</sys_updated_on>
        <value>approval</value>
        <variable display_value="">e846198f0a0004f91fba434a514ba8b8</variable>
    </sys_variable_value>
    <sys_variable_value action="INSERT_OR_UPDATE">
        <document>wf_activity</document>
        <document_key>dff2384c0f0232000d030dbce1050eab</document_key>
        <order>330</order>
        <sys_class_name>sys_variable_value</sys_class_name>
        <sys_created_by>admin</sys_created_by>
        <sys_created_on>2017-04-05 19:51:03</sys_created_on>
        <sys_id>aff23c8c0f0232000d030dbce1050e2a</sys_id>
        <sys_mod_count>0</sys_mod_count>
        <sys_updated_by>admin</sys_updated_by>
        <sys_updated_on>2017-04-05 19:51:03</sys_updated_on>
        <value>approval_history</value>
        <variable display_value="">e863e3b80a0004f911d67787e77e0f16</variable>
    </sys_variable_value>
    <sys_variable_value action="INSERT_OR_UPDATE">
        <document>wf_activity</document>
        <document_key>dff2384c0f0232000d030dbce1050eab</document_key>
        <order>103</order>
        <sys_class_name>sys_variable_value</sys_class_name>
        <sys_created_by>admin</sys_created_by>
        <sys_created_on>2017-04-05 19:51:03</sys_created_on>
        <sys_id>e3f2384c0f0232000d030dbce1050eae</sys_id>
        <sys_mod_count>0</sys_mod_count>
        <sys_updated_by>admin</sys_updated_by>
        <sys_updated_on>2017-04-05 19:51:03</sys_updated_on>
        <value/>
        <variable display_value="">e37b77ac0a0004f973283ad13b341c5b</variable>
    </sys_variable_value>
    <sys_variable_value action="INSERT_OR_UPDATE">
        <document>wf_activity</document>
        <document_key>dff2384c0f0232000d030dbce1050eab</document_key>
        <order>310</order>
        <sys_class_name>sys_variable_value</sys_class_name>
        <sys_created_by>admin</sys_created_by>
        <sys_created_on>2017-04-05 19:51:03</sys_created_on>
        <sys_id>e3f23c8c0f0232000d030dbce1050e2b</sys_id>
        <sys_mod_count>0</sys_mod_count>
        <sys_updated_by>admin</sys_updated_by>
        <sys_updated_on>2017-04-05 19:51:03</sys_updated_on>
        <value>reject</value>
        <variable display_value="">502163410a6a803f0356332b24dc7945</variable>
    </sys_variable_value>
    <sys_variable_value action="INSERT_OR_UPDATE">
        <document>wf_activity</document>
        <document_key>dff2384c0f0232000d030dbce1050eab</document_key>
        <order>1150</order>
        <sys_class_name>sys_variable_value</sys_class_name>
        <sys_created_by>admin</sys_created_by>
        <sys_created_on>2017-04-05 19:51:03</sys_created_on>
        <sys_id>e7f23c8c0f0232000d030dbce1050e2c</sys_id>
        <sys_mod_count>0</sys_mod_count>
        <sys_updated_by>admin</sys_updated_by>
        <sys_updated_on>2017-04-05 19:51:03</sys_updated_on>
        <value/>
        <variable display_value="">a76b8c6ec0a800664bb14d5d8b9cd7c4</variable>
    </sys_variable_value>
    <sys_variable_value action="INSERT_OR_UPDATE">
        <document>wf_activity</document>
        <document_key>dff2384c0f0232000d030dbce1050eab</document_key>
        <order>900</order>
        <sys_class_name>sys_variable_value</sys_class_name>
        <sys_created_by>admin</sys_created_by>
        <sys_created_on>2017-04-05 19:51:03</sys_created_on>
        <sys_id>ebf23c8c0f0232000d030dbce1050e2d</sys_id>
        <sys_mod_count>0</sys_mod_count>
        <sys_updated_by>admin</sys_updated_by>
        <sys_updated_on>2017-04-05 19:51:03</sys_updated_on>
        <value/>
        <variable display_value="">a774138dc0a80066000be7af20961c7d</variable>
    </sys_variable_value>
    <sys_variable_value action="INSERT_OR_UPDATE">
        <document>wf_activity</document>
        <document_key>dff2384c0f0232000d030dbce1050eab</document_key>
        <order>1370</order>
        <sys_class_name>sys_variable_value</sys_class_name>
        <sys_created_by>admin</sys_created_by>
        <sys_created_on>2017-04-05 19:51:03</sys_created_on>
        <sys_id>eff2384c0f0232000d030dbce1050eac</sys_id>
        <sys_mod_count>0</sys_mod_count>
        <sys_updated_by>admin</sys_updated_by>
        <sys_updated_on>2017-04-05 19:51:03</sys_updated_on>
        <value>// Set the variable 'answer' to '', 'approved' or 'rejected' to indicate the approval status for this approval.  When called, the following information is available:&#13;
//&#13;
//    counts.total = total number of users that are part of this approval&#13;
//    counts.approved = # of users that approved so far&#13;
//    counts.rejected = # of users that rejected so far&#13;
//    counts.requested = # of users that are pending approval&#13;
//    counts.not_requested = # of users that are not pending approval&#13;
//    counts.not_required = # of users that approval is not required&#13;
//&#13;
</value>
        <variable display_value="">02c86d780a0a0b261e6a356bc893d348</variable>
    </sys_variable_value>
    <sys_variable_value action="INSERT_OR_UPDATE">
        <document>wf_activity</document>
        <document_key>dff2384c0f0232000d030dbce1050eab</document_key>
        <order>50</order>
        <sys_class_name>sys_variable_value</sys_class_name>
        <sys_created_by>admin</sys_created_by>
        <sys_created_on>2017-04-05 19:51:03</sys_created_on>
        <sys_id>6ff23c8c0f0232000d030dbce1050e2b</sys_id>
        <sys_mod_count>0</sys_mod_count>
        <sys_updated_by>admin</sys_updated_by>
        <sys_updated_on>2017-04-05 19:51:03</sys_updated_on>
        <value/>
        <variable display_value="">4485eef70a6a803f6bc4bafa9e999640</variable>
    </sys_variable_value>
    <sys_variable_value action="INSERT_OR_UPDATE">
        <document>wf_activity</document>
        <document_key>dff2384c0f0232000d030dbce1050eab</document_key>
        <order>100</order>
        <sys_class_name>sys_variable_value</sys_class_name>
        <sys_created_by>admin</sys_created_by>
        <sys_created_on>2017-04-05 19:51:03</sys_created_on>
        <sys_id>a7f23c8c0f0232000d030dbce1050e2d</sys_id>
        <sys_mod_count>0</sys_mod_count>
        <sys_updated_by>admin</sys_updated_by>
        <sys_updated_on>2017-04-05 19:51:03</sys_updated_on>
        <value>any</value>
        <variable display_value="">c35e5bdd0a0a0ba96248a709f495c9ae</variable>
    </sys_variable_value>
    <sys_variable_value action="INSERT_OR_UPDATE">
        <document>wf_activity</document>
        <document_key>dff2384c0f0232000d030dbce1050eab</document_key>
        <order>101</order>
        <sys_class_name>sys_variable_value</sys_class_name>
        <sys_created_by>admin</sys_created_by>
        <sys_created_on>2017-04-05 19:51:03</sys_created_on>
        <sys_id>aff2384c0f0232000d030dbce1050ead</sys_id>
        <sys_mod_count>0</sys_mod_count>
        <sys_updated_by>admin</sys_updated_by>
        <sys_updated_on>2017-04-05 19:51:03</sys_updated_on>
        <value>approval</value>
        <variable display_value="">e846198f0a0004f91fba434a514ba8b8</variable>
    </sys_variable_value>
    <sys_variable_value action="INSERT_OR_UPDATE">
        <document>wf_activity</document>
        <document_key>dff2384c0f0232000d030dbce1050eab</document_key>
        <order>103</order>
        <sys_class_name>sys_variable_value</sys_class_name>
        <sys_created_by>admin</sys_created_by>
        <sys_created_on>2017-04-05 19:51:03</sys_created_on>
        <sys_id>e3f2384c0f0232000d030dbce1050eae</sys_id>
        <sys_mod_count>0</sys_mod_count>
        <sys_updated_by>admin</sys_updated_by>
        <sys_updated_on>2017-04-05 19:51:03</sys_updated_on>
        <value/>
        <variable display_value="">e37b77ac0a0004f973283ad13b341c5b</variable>
    </sys_variable_value>
    <sys_variable_value action="INSERT_OR_UPDATE">
        <document>wf_activity</document>
        <document_key>dff2384c0f0232000d030dbce1050eab</document_key>
        <order>104</order>
        <sys_class_name>sys_variable_value</sys_class_name>
        <sys_created_by>admin</sys_created_by>
        <sys_created_on>2017-04-05 19:51:03</sys_created_on>
        <sys_id>63f23c8c0f0232000d030dbce1050e2d</sys_id>
        <sys_mod_count>0</sys_mod_count>
        <sys_updated_by>admin</sys_updated_by>
        <sys_updated_on>2017-04-05 19:51:03</sys_updated_on>
        <value/>
        <variable display_value="">e37a96e80a0004f978b47d2d6c5e0b22</variable>
    </sys_variable_value>
    <sys_variable_value action="INSERT_OR_UPDATE">
        <document>wf_activity</document>
        <document_key>dff2384c0f0232000d030dbce1050eab</document_key>
        <order>110</order>
        <sys_class_name>sys_variable_value</sys_class_name>
        <sys_created_by>admin</sys_created_by>
        <sys_created_on>2017-04-05 19:51:03</sys_created_on>
        <sys_id>67f2384c0f0232000d030dbce1050eac</sys_id>
        <sys_mod_count>0</sys_mod_count>
        <sys_updated_by>admin</sys_updated_by>
        <sys_updated_on>2017-04-05 19:51:03</sys_updated_on>
        <value/>
        <variable display_value="">a77191a4c0a800662b403f7dff5f1bbd</variable>
    </sys_variable_value>
    <sys_variable_value action="INSERT_OR_UPDATE">
        <document>wf_activity</document>
        <document_key>dff2384c0f0232000d030dbce1050eab</document_key>
        <order>115</order>
        <sys_class_name>sys_variable_value</sys_class_name>
        <sys_created_by>admin</sys_created_by>
        <sys_created_on>2017-04-05 19:51:03</sys_created_on>
        <sys_id>67f23c8c0f0232000d030dbce1050e2e</sys_id>
        <sys_mod_count>0</sys_mod_count>
        <sys_updated_by>admin</sys_updated_by>
        <sys_updated_on>2017-04-05 19:51:03</sys_updated_on>
        <value/>
        <variable display_value="">a76680b9c0a8006661b107d0f21fae67</variable>
    </sys_variable_value>
    <sys_variable_value action="INSERT_OR_UPDATE">
        <document>wf_activity</document>
        <document_key>dff2384c0f0232000d030dbce1050eab</document_key>
        <order>120</order>
        <sys_class_name>sys_variable_value</sys_class_name>
        <sys_created_by>admin</sys_created_by>
        <sys_created_on>2017-04-05 19:51:03</sys_created_on>
        <sys_id>2bf2384c0f0232000d030dbce1050eae</sys_id>
        <sys_mod_count>0</sys_mod_count>
        <sys_updated_by>admin</sys_updated_by>
        <sys_updated_on>2017-04-05 19:51:03</sys_updated_on>
        <value/>
        <variable display_value="">a77903a7c0a8006641af7c9b1d34444e</variable>
    </sys_variable_value>
    <sys_variable_value action="INSERT_OR_UPDATE">
        <document>wf_activity</document>
        <document_key>dff2384c0f0232000d030dbce1050eab</document_key>
        <order>200</order>
        <sys_class_name>sys_variable_value</sys_class_name>
        <sys_created_by>admin</sys_created_by>
        <sys_created_on>2017-04-05 19:51:03</sys_created_on>
        <sys_id>a3f2384c0f0232000d030dbce1050eaf</sys_id>
        <sys_mod_count>0</sys_mod_count>
        <sys_updated_by>admin</sys_updated_by>
        <sys_updated_on>2017-04-05 19:51:03</sys_updated_on>
        <value>${u_requested_for.manager}</value>
        <variable display_value="">c35e4cc40a0a0ba96248a7098ec9cb06</variable>
    </sys_variable_value>
    <sys_variable_value action="INSERT_OR_UPDATE">
        <document>wf_activity</document>
        <document_key>dff2384c0f0232000d030dbce1050eab</document_key>
        <order>310</order>
        <sys_class_name>sys_variable_value</sys_class_name>
        <sys_created_by>admin</sys_created_by>
        <sys_created_on>2017-04-05 19:51:03</sys_created_on>
        <sys_id>e3f23c8c0f0232000d030dbce1050e2b</sys_id>
        <sys_mod_count>0</sys_mod_count>
        <sys_updated_by>admin</sys_updated_by>
        <sys_updated_on>2017-04-05 19:51:03</sys_updated_on>
        <value>reject</value>
        <variable display_value="">502163410a6a803f0356332b24dc7945</variable>
    </sys_variable_value>
    <sys_variable_value action="INSERT_OR_UPDATE">
        <document>wf_activity</document>
        <document_key>dff2384c0f0232000d030dbce1050eab</document_key>
        <order>330</order>
        <sys_class_name>sys_variable_value</sys_class_name>
        <sys_created_by>admin</sys_created_by>
        <sys_created_on>2017-04-05 19:51:03</sys_created_on>
        <sys_id>aff23c8c0f0232000d030dbce1050e2a</sys_id>
        <sys_mod_count>0</sys_mod_count>
        <sys_updated_by>admin</sys_updated_by>
        <sys_updated_on>2017-04-05 19:51:03</sys_updated_on>
        <value>approval_history</value>
        <variable display_value="">e863e3b80a0004f911d67787e77e0f16</variable>
    </sys_variable_value>
    <sys_variable_value action="INSERT_OR_UPDATE">
        <document>wf_activity</document>
        <document_key>dff2384c0f0232000d030dbce1050eab</document_key>
        <order>900</order>
        <sys_class_name>sys_variable_value</sys_class_name>
        <sys_created_by>admin</sys_created_by>
        <sys_created_on>2017-04-05 19:51:03</sys_created_on>
        <sys_id>2ff23c8c0f0232000d030dbce1050e2c</sys_id>
        <sys_mod_count>0</sys_mod_count>
        <sys_updated_by>admin</sys_updated_by>
        <sys_updated_on>2017-04-05 19:51:03</sys_updated_on>
        <value>08fcd0830a0a0b2600079f56b1adb9ae</value>
        <variable display_value="">a7754e91c0a800664938d0ef6d2664d7</variable>
    </sys_variable_value>
    <sys_variable_value action="INSERT_OR_UPDATE">
        <document>wf_activity</document>
        <document_key>dff2384c0f0232000d030dbce1050eab</document_key>
        <order>900</order>
        <sys_class_name>sys_variable_value</sys_class_name>
        <sys_created_by>admin</sys_created_by>
        <sys_created_on>2017-04-05 19:51:03</sys_created_on>
        <sys_id>ebf23c8c0f0232000d030dbce1050e2d</sys_id>
        <sys_mod_count>0</sys_mod_count>
        <sys_updated_by>admin</sys_updated_by>
        <sys_updated_on>2017-04-05 19:51:03</sys_updated_on>
        <value/>
        <variable display_value="">a774138dc0a80066000be7af20961c7d</variable>
    </sys_variable_value>
    <sys_variable_value action="INSERT_OR_UPDATE">
        <document>wf_activity</document>
        <document_key>dff2384c0f0232000d030dbce1050eab</document_key>
        <order>1110</order>
        <sys_class_name>sys_variable_value</sys_class_name>
        <sys_created_by>admin</sys_created_by>
        <sys_created_on>2017-04-05 19:51:03</sys_created_on>
        <sys_id>2bf23c8c0f0232000d030dbce1050e2b</sys_id>
        <sys_mod_count>0</sys_mod_count>
        <sys_updated_by>admin</sys_updated_by>
        <sys_updated_on>2017-04-05 19:51:03</sys_updated_on>
        <value/>
        <variable display_value="">a769a182c0a8006629db7fa3fc2a863d</variable>
    </sys_variable_value>
    <sys_variable_value action="INSERT_OR_UPDATE">
        <document>wf_activity</document>
        <document_key>dff2384c0f0232000d030dbce1050eab</document_key>
        <order>1120</order>
        <sys_class_name>sys_variable_value</sys_class_name>
        <sys_created_by>admin</sys_created_by>
        <sys_created_on>2017-04-05 19:51:03</sys_created_on>
        <sys_id>a3f23c8c0f0232000d030dbce1050e2c</sys_id>
        <sys_mod_count>0</sys_mod_count>
        <sys_updated_by>admin</sys_updated_by>
        <sys_updated_on>2017-04-05 19:51:03</sys_updated_on>
        <value>3bf802c20a0a0b52008e2859cd8abcf2</value>
        <variable display_value="">a76c6257c0a8006645cff43883470e64</variable>
    </sys_variable_value>
    <sys_variable_value action="INSERT_OR_UPDATE">
        <document>wf_activity</document>
        <document_key>dff2384c0f0232000d030dbce1050eab</document_key>
        <order>1150</order>
        <sys_class_name>sys_variable_value</sys_class_name>
        <sys_created_by>admin</sys_created_by>
        <sys_created_on>2017-04-05 19:51:03</sys_created_on>
        <sys_id>e7f23c8c0f0232000d030dbce1050e2c</sys_id>
        <sys_mod_count>0</sys_mod_count>
        <sys_updated_by>admin</sys_updated_by>
        <sys_updated_on>2017-04-05 19:51:03</sys_updated_on>
        <value/>
        <variable display_value="">a76b8c6ec0a800664bb14d5d8b9cd7c4</variable>
    </sys_variable_value>
    <sys_variable_value action="INSERT_OR_UPDATE">
        <document>wf_activity</document>
        <document_key>dff2384c0f0232000d030dbce1050eab</document_key>
        <order>1200</order>
        <sys_class_name>sys_variable_value</sys_class_name>
        <sys_created_by>admin</sys_created_by>
        <sys_created_on>2017-04-05 19:51:03</sys_created_on>
        <sys_id>27f2384c0f0232000d030dbce1050ead</sys_id>
        <sys_mod_count>0</sys_mod_count>
        <sys_updated_by>admin</sys_updated_by>
        <sys_updated_on>2017-04-05 19:51:03</sys_updated_on>
        <value/>
        <variable display_value="">a775f59ac0a8006665d72362ae687035</variable>
    </sys_variable_value>
    <sys_variable_value action="INSERT_OR_UPDATE">
        <document>wf_activity</document>
        <document_key>dff2384c0f0232000d030dbce1050eab</document_key>
        <order>1200</order>
        <sys_class_name>sys_variable_value</sys_class_name>
        <sys_created_by>admin</sys_created_by>
        <sys_created_on>2017-04-05 19:51:03</sys_created_on>
        <sys_id>abf23c8c0f0232000d030dbce1050e2e</sys_id>
        <sys_mod_count>0</sys_mod_count>
        <sys_updated_by>admin</sys_updated_by>
        <sys_updated_on>2017-04-05 19:51:03</sys_updated_on>
        <value/>
        <variable display_value="">a7781cb6c0a80066147dc7a5244d5d16</variable>
    </sys_variable_value>
    <sys_variable_value action="INSERT_OR_UPDATE">
        <document>wf_activity</document>
        <document_key>dff2384c0f0232000d030dbce1050eab</document_key>
        <order>1330</order>
        <sys_class_name>sys_variable_value</sys_class_name>
        <sys_created_by>admin</sys_created_by>
        <sys_created_on>2017-04-05 19:51:03</sys_created_on>
        <sys_id>6bf2384c0f0232000d030dbce1050ead</sys_id>
        <sys_mod_count>0</sys_mod_count>
        <sys_updated_by>admin</sys_updated_by>
        <sys_updated_on>2017-04-05 19:51:03</sys_updated_on>
        <value/>
        <variable display_value="">02c618170a0a0b26436f5c2c9f7a3901</variable>
    </sys_variable_value>
    <sys_variable_value action="INSERT_OR_UPDATE">
        <document>wf_activity</document>
        <document_key>dff2384c0f0232000d030dbce1050eab</document_key>
        <order>1360</order>
        <sys_class_name>sys_variable_value</sys_class_name>
        <sys_created_by>admin</sys_created_by>
        <sys_created_on>2017-04-05 19:51:03</sys_created_on>
        <sys_id>6ff2384c0f0232000d030dbce1050eae</sys_id>
        <sys_mod_count>0</sys_mod_count>
        <sys_updated_by>admin</sys_updated_by>
        <sys_updated_on>2017-04-05 19:51:03</sys_updated_on>
        <value>// Set 'answer' to the number of seconds this timer should wait&#13;
answer = 0;</value>
        <variable display_value="">a782cde9c0a8006608f39abdd85c8395</variable>
    </sys_variable_value>
    <sys_variable_value action="INSERT_OR_UPDATE">
        <document>wf_activity</document>
        <document_key>dff2384c0f0232000d030dbce1050eab</document_key>
        <order>1370</order>
        <sys_class_name>sys_variable_value</sys_class_name>
        <sys_created_by>admin</sys_created_by>
        <sys_created_on>2017-04-05 19:51:03</sys_created_on>
        <sys_id>eff2384c0f0232000d030dbce1050eac</sys_id>
        <sys_mod_count>0</sys_mod_count>
        <sys_updated_by>admin</sys_updated_by>
        <sys_updated_on>2017-04-05 19:51:03</sys_updated_on>
        <value>// Set the variable 'answer' to '', 'approved' or 'rejected' to indicate the approval status for this approval.  When called, the following information is available:&#13;
//&#13;
//    counts.total = total number of users that are part of this approval&#13;
//    counts.approved = # of users that approved so far&#13;
//    counts.rejected = # of users that rejected so far&#13;
//    counts.requested = # of users that are pending approval&#13;
//    counts.not_requested = # of users that are not pending approval&#13;
//    counts.not_required = # of users that approval is not required&#13;
//&#13;
</value>
        <variable display_value="">02c86d780a0a0b261e6a356bc893d348</variable>
    </sys_variable_value>
    <sys_variable_value action="INSERT_OR_UPDATE">
        <document>wf_activity</document>
        <document_key>dff2384c0f0232000d030dbce1050eab</document_key>
        <order>2000</order>
        <sys_class_name>sys_variable_value</sys_class_name>
        <sys_created_by>admin</sys_created_by>
        <sys_created_on>2017-04-05 19:51:03</sys_created_on>
        <sys_id>abf2384c0f0232000d030dbce1050eac</sys_id>
        <sys_mod_count>0</sys_mod_count>
        <sys_updated_by>admin</sys_updated_by>
        <sys_updated_on>2017-04-05 19:51:03</sys_updated_on>
        <value>0</value>
        <variable display_value="">02ca01820a0a0b261cf923fb95f5e1d0</variable>
    </sys_variable_value>
    <sys_variable_value action="INSERT_OR_UPDATE">
        <document>wf_activity</document>
        <document_key>dff2384c0f0232000d030dbce1050eab</document_key>
        <order>2050</order>
        <sys_class_name>sys_variable_value</sys_class_name>
        <sys_created_by>admin</sys_created_by>
        <sys_created_on>2017-04-05 19:51:03</sys_created_on>
        <sys_id>23f23c8c0f0232000d030dbce1050e2e</sys_id>
        <sys_mod_count>0</sys_mod_count>
        <sys_updated_by>admin</sys_updated_by>
        <sys_updated_on>2017-04-05 19:51:03</sys_updated_on>
        <value>// Set the variable 'answer' to a comma-separated list of user ids and/or group ids or an array of user/group ids to add as approvers.&#13;
//&#13;
// For example:&#13;
//       answer = [];&#13;
//       answer.push('id1');&#13;
//       answer.push('id2');&#13;
</value>
        <variable display_value="">c35e582f0a0a0ba96248a70985207e63</variable>
    </sys_variable_value>
    <wf_condition action="INSERT_OR_UPDATE">
        <activity display_value="Request Manager Approval">dff2384c0f0232000d030dbce1050eab</activity>
        <condition>activity.result == 'approved' || activity.result == 'skipped'</condition>
        <condition_default display_value="Approved">586e1fa60a0a0b5c008121ab894f2b06</condition_default>
        <condition_type>standard</condition_type>
        <else_flag>false</else_flag>
        <error>false</error>
        <event>false</event>
        <event_name/>
        <is_positive>true</is_positive>
        <name>Approved</name>
        <order>1</order>
        <short_description>Approval request was approved</short_description>
        <skip_during_generate>false</skip_during_generate>
        <sys_created_by>admin</sys_created_by>
        <sys_created_on>2017-04-05 19:51:03</sys_created_on>
        <sys_id>27f23c8c0f0232000d030dbce1050e2f</sys_id>
        <sys_mod_count>0</sys_mod_count>
        <sys_updated_by>admin</sys_updated_by>
        <sys_updated_on>2017-04-05 19:51:03</sys_updated_on>
    </wf_condition>
    <wf_condition action="INSERT_OR_UPDATE">
        <activity display_value="Request Manager Approval">dff2384c0f0232000d030dbce1050eab</activity>
        <condition>activity.result == 'rejected'</condition>
        <condition_default display_value="Rejected">586e4ef60a0a0b5c00440b56c014c8a5</condition_default>
        <condition_type>standard</condition_type>
        <else_flag>false</else_flag>
        <error>false</error>
        <event>false</event>
        <event_name/>
        <is_positive>false</is_positive>
        <name>Rejected</name>
        <order>2</order>
        <short_description>Approval request was rejected</short_description>
        <skip_during_generate>true</skip_during_generate>
        <sys_created_by>admin</sys_created_by>
        <sys_created_on>2017-04-05 19:51:03</sys_created_on>
        <sys_id>a3f23c8c0f0232000d030dbce1050e2f</sys_id>
        <sys_mod_count>0</sys_mod_count>
        <sys_updated_by>admin</sys_updated_by>
        <sys_updated_on>2017-04-05 19:51:03</sys_updated_on>
    </wf_condition>
    <wf_activity action="INSERT_OR_UPDATE">
        <activity_definition display_value="Set Values">1ca8d7cf0a0a0b265e9a000c2c08248c</activity_definition>
        <activity_definition_updated>false</activity_definition_updated>
        <databus_lookup_id>4</databus_lookup_id>
        <height/>
        <input>{}</input>
        <is_parent>false</is_parent>
        <name>Set State to Approved</name>
        <new_activity_definition/>
        <notes/>
        <out_of_date>false</out_of_date>
        <parent/>
        <pinned>false</pinned>
        <pinned_version/>
        <stage/>
        <sys_created_by>admin</sys_created_by>
        <sys_created_on>2017-04-05 19:51:03</sys_created_on>
        <sys_id>abf23c8c0f0232000d030dbce1050e2f</sys_id>
        <sys_mod_count>0</sys_mod_count>
        <sys_updated_by>admin</sys_updated_by>
        <sys_updated_on>2017-04-05 19:51:03</sys_updated_on>
        <timeout>1970-01-01 00:00:00</timeout>
        <vars/>
        <width/>
        <workflow_version display_value="NeedIt Approval">5ff2384c0f0232000d030dbce1050ea5</workflow_version>
        <x>434</x>
        <y>73</y>
    </wf_activity>
    <sys_variable_value action="delete_multiple" query="document_key=abf23c8c0f0232000d030dbce1050e2f"/>
    <sys_variable_value action="INSERT_OR_UPDATE">
        <document>wf_activity</document>
        <document_key>abf23c8c0f0232000d030dbce1050e2f</document_key>
        <order>100</order>
        <sys_class_name>sys_variable_value</sys_class_name>
        <sys_created_by>admin</sys_created_by>
        <sys_created_on>2017-04-05 19:51:03</sys_created_on>
        <sys_id>2ff23c8c0f0232000d030dbce1050e2f</sys_id>
        <sys_mod_count>0</sys_mod_count>
        <sys_updated_by>admin</sys_updated_by>
        <sys_updated_on>2017-04-05 19:51:03</sys_updated_on>
        <value>state=15^EQ</value>
        <variable display_value="">1cb38c8f0a0a0b266fb48e08de35f507</variable>
    </sys_variable_value>
    <sys_variable_value action="INSERT_OR_UPDATE">
        <document>wf_activity</document>
        <document_key>abf23c8c0f0232000d030dbce1050e2f</document_key>
        <order>100</order>
        <sys_class_name>sys_variable_value</sys_class_name>
        <sys_created_by>admin</sys_created_by>
        <sys_created_on>2017-04-05 19:51:03</sys_created_on>
        <sys_id>2ff23c8c0f0232000d030dbce1050e2f</sys_id>
        <sys_mod_count>0</sys_mod_count>
        <sys_updated_by>admin</sys_updated_by>
        <sys_updated_on>2017-04-05 19:51:03</sys_updated_on>
        <value>state=15^EQ</value>
        <variable display_value="">1cb38c8f0a0a0b266fb48e08de35f507</variable>
    </sys_variable_value>
    <wf_condition action="INSERT_OR_UPDATE">
        <activity display_value="Set State to Approved">abf23c8c0f0232000d030dbce1050e2f</activity>
        <condition>true</condition>
        <condition_default/>
        <condition_type>standard</condition_type>
        <else_flag>false</else_flag>
        <error>false</error>
        <event>false</event>
        <event_name/>
        <is_positive>true</is_positive>
        <name>Always</name>
        <order>0</order>
        <short_description/>
        <skip_during_generate>false</skip_during_generate>
        <sys_created_by>admin</sys_created_by>
        <sys_created_on>2017-04-05 19:51:03</sys_created_on>
        <sys_id>a3f23c8c0f0232000d030dbce1050e30</sys_id>
        <sys_mod_count>0</sys_mod_count>
        <sys_updated_by>admin</sys_updated_by>
        <sys_updated_on>2017-04-05 19:51:03</sys_updated_on>
    </wf_condition>
    <wf_activity action="INSERT_OR_UPDATE">
        <activity_definition display_value="Set Values">1ca8d7cf0a0a0b265e9a000c2c08248c</activity_definition>
        <activity_definition_updated>false</activity_definition_updated>
        <databus_lookup_id>5</databus_lookup_id>
        <height/>
        <input>{}</input>
        <is_parent>false</is_parent>
        <name>Set State to Closed Complete</name>
        <new_activity_definition/>
        <notes/>
        <out_of_date>false</out_of_date>
        <parent/>
        <pinned>false</pinned>
        <pinned_version/>
        <stage/>
        <sys_created_by>admin</sys_created_by>
        <sys_created_on>2017-04-05 19:51:03</sys_created_on>
        <sys_id>5ff2384c0f0232000d030dbce1050ea7</sys_id>
        <sys_mod_count>0</sys_mod_count>
        <sys_updated_by>admin</sys_updated_by>
        <sys_updated_on>2017-04-05 19:51:03</sys_updated_on>
        <timeout>1970-01-01 00:00:00</timeout>
        <vars/>
        <width/>
        <workflow_version display_value="NeedIt Approval">5ff2384c0f0232000d030dbce1050ea5</workflow_version>
        <x>431</x>
        <y>180</y>
    </wf_activity>
    <sys_variable_value action="delete_multiple" query="document_key=5ff2384c0f0232000d030dbce1050ea7"/>
    <sys_variable_value action="INSERT_OR_UPDATE">
        <document>wf_activity</document>
        <document_key>5ff2384c0f0232000d030dbce1050ea7</document_key>
        <order>100</order>
        <sys_class_name>sys_variable_value</sys_class_name>
        <sys_created_by>admin</sys_created_by>
        <sys_created_on>2017-04-05 19:51:03</sys_created_on>
        <sys_id>d7f2384c0f0232000d030dbce1050ea8</sys_id>
        <sys_mod_count>0</sys_mod_count>
        <sys_updated_by>admin</sys_updated_by>
        <sys_updated_on>2017-04-05 19:51:03</sys_updated_on>
        <value>state=3^EQ</value>
        <variable display_value="">1cb38c8f0a0a0b266fb48e08de35f507</variable>
    </sys_variable_value>
    <sys_variable_value action="INSERT_OR_UPDATE">
        <document>wf_activity</document>
        <document_key>5ff2384c0f0232000d030dbce1050ea7</document_key>
        <order>100</order>
        <sys_class_name>sys_variable_value</sys_class_name>
        <sys_created_by>admin</sys_created_by>
        <sys_created_on>2017-04-05 19:51:03</sys_created_on>
        <sys_id>d7f2384c0f0232000d030dbce1050ea8</sys_id>
        <sys_mod_count>0</sys_mod_count>
        <sys_updated_by>admin</sys_updated_by>
        <sys_updated_on>2017-04-05 19:51:03</sys_updated_on>
        <value>state=3^EQ</value>
        <variable display_value="">1cb38c8f0a0a0b266fb48e08de35f507</variable>
    </sys_variable_value>
    <wf_condition action="INSERT_OR_UPDATE">
        <activity display_value="Set State to Closed Complete">5ff2384c0f0232000d030dbce1050ea7</activity>
        <condition>true</condition>
        <condition_default/>
        <condition_type>standard</condition_type>
        <else_flag>false</else_flag>
        <error>false</error>
        <event>false</event>
        <event_name/>
        <is_positive>true</is_positive>
        <name>Always</name>
        <order>0</order>
        <short_description/>
        <skip_during_generate>false</skip_during_generate>
        <sys_created_by>admin</sys_created_by>
        <sys_created_on>2017-04-05 19:51:03</sys_created_on>
        <sys_id>97f2384c0f0232000d030dbce1050ea9</sys_id>
        <sys_mod_count>0</sys_mod_count>
        <sys_updated_by>admin</sys_updated_by>
        <sys_updated_on>2017-04-05 19:51:03</sys_updated_on>
    </wf_condition>
    <wf_transition action="INSERT_OR_UPDATE">
        <condition display_value="Always">9bf2384c0f0232000d030dbce1050eaa</condition>
        <from display_value="Begin">53f2384c0f0232000d030dbce1050eaa</from>
        <sys_created_by>admin</sys_created_by>
        <sys_created_on>2017-04-05 19:51:03</sys_created_on>
        <sys_id>2ff23c8c0f0232000d030dbce1050e31</sys_id>
        <sys_mod_count>0</sys_mod_count>
        <sys_updated_by>admin</sys_updated_by>
        <sys_updated_on>2017-04-05 19:51:03</sys_updated_on>
        <to display_value="Request Manager Approval">dff2384c0f0232000d030dbce1050eab</to>
    </wf_transition>
    <wf_transition action="INSERT_OR_UPDATE">
        <condition display_value="Always">97f2384c0f0232000d030dbce1050ea9</condition>
        <from display_value="Set State to Closed Complete">5ff2384c0f0232000d030dbce1050ea7</from>
        <sys_created_by>admin</sys_created_by>
        <sys_created_on>2017-04-05 19:51:03</sys_created_on>
        <sys_id>6bf23c8c0f0232000d030dbce1050e31</sys_id>
        <sys_mod_count>0</sys_mod_count>
        <sys_updated_by>admin</sys_updated_by>
        <sys_updated_on>2017-04-05 19:51:03</sys_updated_on>
        <to display_value="End">53f2384c0f0232000d030dbce1050eab</to>
    </wf_transition>
    <wf_transition action="INSERT_OR_UPDATE">
        <condition display_value="Always">2e9370cc0f0232000d030dbce1050e24</condition>
        <from display_value="Create NeedIt Task">38337c8c0f0232000d030dbce1050ebe</from>
        <sys_created_by>admin</sys_created_by>
        <sys_created_on>2017-04-05 19:53:56</sys_created_on>
        <sys_id>89a37c8c0f0232000d030dbce1050ef9</sys_id>
        <sys_mod_count>0</sys_mod_count>
        <sys_updated_by>admin</sys_updated_by>
        <sys_updated_on>2017-04-05 19:53:56</sys_updated_on>
        <to display_value="End">53f2384c0f0232000d030dbce1050eab</to>
    </wf_transition>
    <wf_transition action="INSERT_OR_UPDATE">
        <condition display_value="Approved">27f23c8c0f0232000d030dbce1050e2f</condition>
        <from display_value="Request Manager Approval">dff2384c0f0232000d030dbce1050eab</from>
        <sys_created_by>admin</sys_created_by>
        <sys_created_on>2017-04-05 19:51:03</sys_created_on>
        <sys_id>a7f23c8c0f0232000d030dbce1050e31</sys_id>
        <sys_mod_count>0</sys_mod_count>
        <sys_updated_by>admin</sys_updated_by>
        <sys_updated_on>2017-04-05 19:51:03</sys_updated_on>
        <to display_value="Set State to Approved">abf23c8c0f0232000d030dbce1050e2f</to>
    </wf_transition>
    <wf_transition action="INSERT_OR_UPDATE">
        <condition display_value="Rejected">a3f23c8c0f0232000d030dbce1050e2f</condition>
        <from display_value="Request Manager Approval">dff2384c0f0232000d030dbce1050eab</from>
        <sys_created_by>admin</sys_created_by>
        <sys_created_on>2017-04-05 19:51:03</sys_created_on>
        <sys_id>e3f23c8c0f0232000d030dbce1050e31</sys_id>
        <sys_mod_count>0</sys_mod_count>
        <sys_updated_by>admin</sys_updated_by>
        <sys_updated_on>2017-04-05 19:51:03</sys_updated_on>
        <to display_value="Set State to Closed Complete">5ff2384c0f0232000d030dbce1050ea7</to>
    </wf_transition>
    <wf_transition action="INSERT_OR_UPDATE">
        <condition display_value="Always">a3f23c8c0f0232000d030dbce1050e30</condition>
        <from display_value="Set State to Approved">abf23c8c0f0232000d030dbce1050e2f</from>
        <sys_created_by>admin</sys_created_by>
        <sys_created_on>2017-04-05 19:51:03</sys_created_on>
        <sys_id>eff23c8c0f0232000d030dbce1050e31</sys_id>
        <sys_mod_count>1</sys_mod_count>
        <sys_updated_by>admin</sys_updated_by>
        <sys_updated_on>2017-04-05 19:53:56</sys_updated_on>
        <to display_value="Create NeedIt Task">38337c8c0f0232000d030dbce1050ebe</to>
    </wf_transition>
    <wf_estimated_runtime_config action="INSERT_OR_UPDATE">
        <estimated_run_time/>
        <no_of_data_points>1</no_of_data_points>
        <percentage_threshold_ert>20</percentage_threshold_ert>
        <sys_created_by>admin</sys_created_by>
        <sys_created_on>2017-04-05 19:51:03</sys_created_on>
        <sys_id>53f2384c0f0232000d030dbce1050ea6</sys_id>
        <sys_mod_count>0</sys_mod_count>
        <sys_updated_by>admin</sys_updated_by>
        <sys_updated_on>2017-04-05 19:51:03</sys_updated_on>
        <workflow_version display_value="NeedIt Approval">5ff2384c0f0232000d030dbce1050ea5</workflow_version>
    </wf_estimated_runtime_config>
    <wf_workflow_version action="update_multiple" query="workflow=37fe0cb74ff93200cb281b818110c7a5^sys_id!=5ff2384c0f0232000d030dbce1050ea5">
        <published>false</published>
    </wf_workflow_version>
</record_update>
